gfx,cu_num,M,N,K,libtype,kernelId,splitK,us,kernelName,tflops,bw,errRatio
gfx950,256,64,5120,5120,ck,0,0,44.6906,a8w8_blockscale_bpreshuffle_1x128x128_256x128x128x128_16x16_16x16_8x32x1_8x32x1_1x32x1x8_8_2x1_intrawave_v3,75.08,608.57,0.0
gfx950,256,64,5120,5120,cktile,0,0,22.4969,a8w8_blockscale_cktile_16x128x256_1x4x1_16x16x128_intrawave_0x1x0_1,149.15,1208.94,0.0
gfx950,256,64,5120,5120,asm,0,1,20.4383,_ZN5aiter42fp8gemm_bf16_blockscale_BpreShuffle_32x128E,164.17,1330.71,0.0
gfx950,256,64,5120,5120,ck,1,0,27.8215,a8w8_blockscale_bpreshuffle_1x128x128_256x64x128x128_16x16_16x16_8x32x1_8x32x1_1x32x1x8_8_2x1_intrawave_v3,120.61,977.57,0.0
gfx950,256,64,5120,5120,cktile,1,0,22.4888,a8w8_blockscale_cktile_16x128x256_1x4x1_16x16x128_intrawave_0x1x0_2,149.21,1209.38,0.0
gfx950,256,64,5120,5120,asm,1,2,16.9085,_ZN5aiter42fp8gemm_bf16_blockscale_BpreShuffle_32x128E,198.45,1608.51,0.0
gfx950,256,64,5120,5120,ck,2,0,22.7806,a8w8_blockscale_bpreshuffle_1x128x128_256x64x64x128_16x16_16x16_8x32x1_8x32x1_1x32x1x8_8_2x1_intrawave_v3,147.29,1193.89,0.0
gfx950,256,64,5120,5120,cktile,2,0,24.0203,a8w8_blockscale_cktile_16x128x256_1x4x1_16x16x64_intrawave_0x1x0_1,139.69,1132.27,0.0
gfx950,256,64,5120,5120,asm,2,3,14.8582,_ZN5aiter42fp8gemm_bf16_blockscale_BpreShuffle_32x128E,225.83,1830.47,0.0
gfx950,256,64,5120,5120,ck,3,0,28.4292,a8w8_blockscale_bpreshuffle_1x128x128_256x16x256x128_8x16_16x16_16x16x1_8x32x1_1x16x1x16_8_1x2_intrawave_v1,118.03,956.67,0.0
gfx950,256,64,5120,5120,cktile,3,0,24.296,a8w8_blockscale_cktile_16x128x256_1x4x1_16x16x64_intrawave_0x1x0_2,138.11,1119.42,0.0
gfx950,256,64,5120,5120,asm,3,4,17.263,_ZN5aiter42fp8gemm_bf16_blockscale_BpreShuffle_32x128E,194.37,1575.48,0.0001
gfx950,256,64,5120,5120,ck,4,0,19.2635,a8w8_blockscale_bpreshuffle_1x128x128_256x16x128x128_8x16_16x16_16x16x1_8x32x1_1x16x1x16_8_1x2_intrawave_v1,174.19,1411.86,0.0
gfx950,256,64,5120,5120,cktile,4,0,48.4389,a8w8_blockscale_cktile_32x128x128_1x4x1_16x16x128_intrawave_0x1x0_1,69.27,561.48,0.0
gfx950,256,64,5120,5120,asm,4,5,16.7951,_ZN5aiter42fp8gemm_bf16_blockscale_BpreShuffle_32x128E,199.79,1619.37,0.0001
gfx950,256,64,5120,5120,ck,5,0,17.91,a8w8_blockscale_bpreshuffle_1x128x128_256x16x64x128_8x16_16x16_16x16x1_8x32x1_1x16x1x16_4_1x1_intrawave_v1,187.35,1518.56,0.0
gfx950,256,64,5120,5120,cktile,5,0,48.3153,a8w8_blockscale_cktile_32x128x128_1x4x1_16x16x128_intrawave_0x1x0_2,69.45,562.92,0.0
gfx950,256,64,5120,5120,asm,5,6,16.3205,_ZN5aiter42fp8gemm_bf16_blockscale_BpreShuffle_32x128E,205.6,1666.46,0.0003
gfx950,256,64,5120,5120,ck,6,0,15.6814,a8w8_blockscale_bpreshuffle_1x128x128_256x16x128x256_16x16_16x16_16x16x1_16x16x1_1x16x1x16_8_1x2_intrawave_v1,213.98,1734.38,0.0
gfx950,256,64,5120,5120,cktile,6,0,35.5691,a8w8_blockscale_cktile_32x128x128_1x4x1_16x16x64_intrawave_0x1x0_1,94.34,764.64,0.0
gfx950,256,64,5120,5120,asm,6,7,18.829,_ZN5aiter42fp8gemm_bf16_blockscale_BpreShuffle_32x128E,178.21,1444.44,0.0005
gfx950,256,64,5120,5120,ck,7,0,16.2729,a8w8_blockscale_bpreshuffle_1x128x128_256x16x64x256_16x16_16x16_16x16x1_16x16x1_1x16x1x16_4_1x1_intrawave_v1,206.2,1671.33,0.0
gfx950,256,64,5120,5120,cktile,7,0,35.6647,a8w8_blockscale_cktile_32x128x128_1x4x1_16x16x64_intrawave_0x1x0_2,94.08,762.59,0.0
gfx950,256,64,5120,5120,asm,7,8,18.8125,_ZN5aiter42fp8gemm_bf16_blockscale_BpreShuffle_32x128E,178.36,1445.71,0.0007
gfx950,256,64,5120,5120,ck,8,0,31.7958,a8w8_blockscale_bpreshuffle_1x128x128_256x32x256x128_16x16_16x16_8x32x1_8x32x1_1x32x1x8_8_2x1_intrawave_v1,105.53,855.38,0.0
gfx950,256,64,5120,5120,cktile,8,0,78.4653,a8w8_blockscale_cktile_128x128x128_1x4x1_16x16x128_intrawave_0x1x0_1,42.76,346.62,0.0
gfx950,256,64,5120,5120,asm,8,1,21.1663,_ZN5aiter42fp8gemm_bf16_blockscale_BpreShuffle_48x128E,158.53,1284.94,0.0
gfx950,256,64,5120,5120,ck,9,0,26.2824,a8w8_blockscale_bpreshuffle_1x128x128_256x32x128x128_16x16_16x16_8x32x1_8x32x1_1x32x1x8_8_2x1_intrawave_v1,127.67,1034.82,0.0
gfx950,256,64,5120,5120,cktile,9,0,78.5265,a8w8_blockscale_cktile_128x128x128_1x4x1_16x16x128_intrawave_0x1x0_1,42.73,346.35,0.0
gfx950,256,64,5120,5120,asm,9,2,17.3034,_ZN5aiter42fp8gemm_bf16_blockscale_BpreShuffle_48x128E,193.92,1571.8,0.0
gfx950,256,64,5120,5120,ck,10,0,19.0699,a8w8_blockscale_bpreshuffle_1x128x128_256x32x64x128_16x16_16x16_8x32x1_8x32x1_1x32x1x8_8_2x1_intrawave_v1,175.95,1426.2,0.0
gfx950,256,64,5120,5120,cktile,10,0,86.9607,a8w8_blockscale_cktile_128x128x128_2x2x1_16x16x128_intrawave_0x1x0_2,38.59,312.76,0.0
gfx950,256,64,5120,5120,asm,10,3,15.2716,_ZN5aiter42fp8gemm_bf16_blockscale_BpreShuffle_48x128E,219.72,1780.92,0.0
gfx950,256,64,5120,5120,ck,11,0,19.0744,a8w8_blockscale_bpreshuffle_1x128x128_256x32x128x256_16x16_16x16_16x16x1_16x16x1_1x32x1x8_8_2x1_intrawave_v1,175.91,1425.86,0.0
gfx950,256,64,5120,5120,cktile,11,0,49.8066,a8w8_blockscale_cktile_192x256x128_4x2x1_16x16x128_intrawave_0x1x0_1,67.37,546.06,0.0
gfx950,256,64,5120,5120,asm,11,4,18.1273,_ZN5aiter42fp8gemm_bf16_blockscale_BpreShuffle_48x128E,185.1,1500.36,0.0001
gfx950,256,64,5120,5120,ck,12,0,13.9436,a8w8_blockscale_bpreshuffle_1x128x128_256x32x64x256_16x16_16x16_16x16x1_16x16x1_1x32x1x8_8_2x1_intrawave_v1,240.64,1950.53,0.0
gfx950,256,64,5120,5120,cktile,12,0,49.9098,a8w8_blockscale_cktile_192x256x128_4x2x1_16x16x128_intrawave_0x1x0_1_aqrm,67.23,544.93,0.9323
gfx950,256,64,5120,5120,asm,12,5,17.7764,_ZN5aiter42fp8gemm_bf16_blockscale_BpreShuffle_48x128E,188.76,1529.97,0.0001
gfx950,256,64,5120,5120,ck,13,0,43.3181,a8w8_blockscale_bpreshuffle_1x128x128_256x64x256x128_16x16_16x16_8x32x1_8x32x1_1x32x1x8_8_2x1_intrawave_v1,77.46,627.85,0.0
gfx950,256,64,5120,5120,cktile,13,0,22.4202,a8w8_blockscale_cktile_16x128x256_1x4x1_16x16x128_intrawave_0x1x0_3,149.66,1213.08,0.0
gfx950,256,64,5120,5120,asm,13,6,17.3375,_ZN5aiter42fp8gemm_bf16_blockscale_BpreShuffle_48x128E,193.54,1568.71,0.0002
gfx950,256,64,5120,5120,ck,14,0,30.1501,a8w8_blockscale_bpreshuffle_1x128x128_256x64x128x128_16x16_16x16_8x32x1_8x32x1_1x32x1x8_8_2x1_intrawave_v1,111.29,902.07,0.0
gfx950,256,64,5120,5120,cktile,14,0,32.3256,a8w8_blockscale_cktile_16x128x256_1x4x1_16x16x128_intrawave_0x1x0_4,103.8,841.36,0.0
gfx950,256,64,5120,5120,asm,14,7,19.7112,_ZN5aiter42fp8gemm_bf16_blockscale_BpreShuffle_48x128E,170.23,1379.8,0.0003
gfx950,256,64,5120,5120,ck,15,0,22.6249,a8w8_blockscale_bpreshuffle_1x128x128_256x64x64x128_16x16_16x16_8x32x1_8x32x1_1x32x1x8_8_2x1_intrawave_v1,148.31,1202.1,0.0
gfx950,256,64,5120,5120,cktile,15,0,24.3849,a8w8_blockscale_cktile_16x128x256_1x4x1_16x16x64_intrawave_0x1x0_3,137.6,1115.34,0.0
gfx950,256,64,5120,5120,asm,15,8,19.6643,_ZN5aiter42fp8gemm_bf16_blockscale_BpreShuffle_48x128E,170.64,1383.09,0.0009
gfx950,256,64,5120,5120,ck,16,0,27.2188,a8w8_blockscale_bpreshuffle_1x128x128_256x64x128x256_16x16_16x16_16x16x1_16x16x1_1x32x1x8_8_2x1_intrawave_v1,123.28,999.22,0.0
gfx950,256,64,5120,5120,cktile,16,0,24.26,a8w8_blockscale_cktile_16x128x256_1x4x1_16x16x64_intrawave_0x1x0_4,138.31,1121.08,0.0
gfx950,256,64,5120,5120,asm,16,1,23.369,_ZN5aiter42fp8gemm_bf16_blockscale_BpreShuffle_64x128E,143.59,1163.83,0.0
gfx950,256,64,5120,5120,ck,17,0,18.0291,a8w8_blockscale_bpreshuffle_1x128x128_256x64x64x256_16x16_16x16_16x16x1_16x16x1_1x32x1x8_8_2x1_intrawave_v1,186.11,1508.53,0.0
gfx950,256,64,5120,5120,cktile,17,0,47.9494,a8w8_blockscale_cktile_32x128x128_1x4x1_16x16x128_intrawave_0x1x0_3,69.98,567.21,0.0
gfx950,256,64,5120,5120,asm,17,2,18.7851,_ZN5aiter42fp8gemm_bf16_blockscale_BpreShuffle_64x128E,178.62,1447.82,0.0
gfx950,256,64,5120,5120,cktile,18,0,48.2162,a8w8_blockscale_cktile_32x128x128_1x4x1_16x16x128_intrawave_0x1x0_4,69.59,564.07,0.0
gfx950,256,64,5120,5120,asm,18,3,16.2519,_ZN5aiter42fp8gemm_bf16_blockscale_BpreShuffle_64x128E,206.46,1673.49,0.0
gfx950,256,64,5120,5120,cktile,19,0,35.6477,a8w8_blockscale_cktile_32x128x128_1x4x1_16x16x64_intrawave_0x1x0_3,94.13,762.95,0.0
gfx950,256,64,5120,5120,asm,19,4,14.8171,_ZN5aiter42fp8gemm_bf16_blockscale_BpreShuffle_64x128E,226.46,1835.54,0.0
gfx950,256,64,5120,5120,cktile,20,0,35.5512,a8w8_blockscale_cktile_32x128x128_1x4x1_16x16x64_intrawave_0x1x0_4,94.38,765.02,0.0
gfx950,256,64,5120,5120,asm,20,5,14.5559,_ZN5aiter42fp8gemm_bf16_blockscale_BpreShuffle_64x128E,230.52,1868.48,0.0001
gfx950,256,64,5120,5120,cktile,21,0,72.6702,a8w8_blockscale_cktile_128x128x128_1x4x1_16x16x128_intrawave_0x1x0_2,46.17,374.26,0.0
gfx950,256,64,5120,5120,asm,21,6,14.1264,_ZN5aiter42fp8gemm_bf16_blockscale_BpreShuffle_64x128E,237.53,1925.29,0.0002
gfx950,256,64,5120,5120,cktile,22,0,261.3788,a8w8_blockscale_cktile_128x128x128_1x4x1_16x16x128_intrawave_0x1x0_3,12.84,104.05,0.0
gfx950,256,64,5120,5120,asm,22,7,18.0061,_ZN5aiter42fp8gemm_bf16_blockscale_BpreShuffle_64x128E,186.35,1510.46,0.0005
gfx950,256,64,5120,5120,cktile,23,0,362.4425,a8w8_blockscale_cktile_128x128x128_1x4x1_16x16x128_intrawave_0x1x0_4,9.26,75.04,0.0
gfx950,256,64,5120,5120,asm,23,8,18.5014,_ZN5aiter42fp8gemm_bf16_blockscale_BpreShuffle_64x128E,181.36,1470.02,0.0007
gfx950,256,64,5120,5120,cktile,24,0,88.536,a8w8_blockscale_cktile_128x128x128_2x2x1_16x16x128_intrawave_0x1x0_1,37.9,307.19,0.0
gfx950,256,64,5120,5120,asm,24,1,23.5359,_ZN5aiter42fp8gemm_bf16_blockscale_BpreShuffle_80x128E,142.57,1155.57,0.0
gfx950,256,64,5120,5120,cktile,25,0,250.8986,a8w8_blockscale_cktile_128x128x128_2x2x1_16x16x128_intrawave_0x1x0_3,13.37,108.4,0.0
gfx950,256,64,5120,5120,asm,25,2,19.1067,_ZN5aiter42fp8gemm_bf16_blockscale_BpreShuffle_80x128E,175.62,1423.45,0.0
gfx950,256,64,5120,5120,cktile,26,0,392.1568,a8w8_blockscale_cktile_128x128x128_2x2x1_16x16x128_intrawave_0x1x0_4,8.56,69.35,0.0
gfx950,256,64,5120,5120,asm,26,3,16.6111,_ZN5aiter42fp8gemm_bf16_blockscale_BpreShuffle_80x128E,202.0,1637.31,0.0
gfx950,256,64,5120,5120,cktile,27,0,49.886,a8w8_blockscale_cktile_192x256x128_4x2x1_16x16x128_intrawave_0x1x0_2,67.26,545.19,0.0
gfx950,256,64,5120,5120,asm,27,4,15.0328,_ZN5aiter42fp8gemm_bf16_blockscale_BpreShuffle_80x128E,223.21,1809.21,0.0001
gfx950,256,64,5120,5120,cktile,28,0,49.6422,a8w8_blockscale_cktile_192x256x128_4x2x1_16x16x128_intrawave_0x1x0_3,67.59,547.87,0.0
gfx950,256,64,5120,5120,asm,28,5,14.7215,_ZN5aiter42fp8gemm_bf16_blockscale_BpreShuffle_80x128E,227.93,1847.46,0.0001
gfx950,256,64,5120,5120,cktile,29,0,49.6942,a8w8_blockscale_cktile_192x256x128_4x2x1_16x16x128_intrawave_0x1x0_4,67.52,547.3,0.0
gfx950,256,64,5120,5120,asm,29,6,14.4755,_ZN5aiter42fp8gemm_bf16_blockscale_BpreShuffle_80x128E,231.8,1878.86,0.0002
gfx950,256,64,5120,5120,cktile,30,0,49.7684,a8w8_blockscale_cktile_192x256x128_4x2x1_16x16x128_intrawave_0x1x0_2_aqrm,67.42,546.48,0.9323
gfx950,256,64,5120,5120,asm,30,7,18.3377,_ZN5aiter42fp8gemm_bf16_blockscale_BpreShuffle_80x128E,182.98,1483.14,0.0004
gfx950,256,64,5120,5120,cktile,31,0,49.989,a8w8_blockscale_cktile_192x256x128_4x2x1_16x16x128_intrawave_0x1x0_3_aqrm,67.12,544.07,0.9323
gfx950,256,64,5120,5120,asm,31,8,19.1562,_ZN5aiter42fp8gemm_bf16_blockscale_BpreShuffle_80x128E,175.16,1419.77,0.0007
gfx950,256,64,5120,5120,cktile,32,0,49.7819,a8w8_blockscale_cktile_192x256x128_4x2x1_16x16x128_intrawave_0x1x0_4_aqrm,67.4,546.33,0.9323
gfx950,256,64,5120,5120,asm,32,1,25.9949,_ZN5aiter42fp8gemm_bf16_blockscale_BpreShuffle_96x128E,129.08,1046.26,0.0
gfx950,256,64,5120,5120,asm,33,2,19.6758,_ZN5aiter42fp8gemm_bf16_blockscale_BpreShuffle_96x128E,170.54,1382.28,0.0
gfx950,256,64,5120,5120,asm,34,3,17.0456,_ZN5aiter42fp8gemm_bf16_blockscale_BpreShuffle_96x128E,196.85,1595.57,0.0
gfx950,256,64,5120,5120,asm,35,4,15.5797,_ZN5aiter42fp8gemm_bf16_blockscale_BpreShuffle_96x128E,215.37,1745.7,0.0001
gfx950,256,64,5120,5120,asm,36,5,15.1107,_ZN5aiter42fp8gemm_bf16_blockscale_BpreShuffle_96x128E,222.06,1799.88,0.0001
gfx950,256,64,5120,5120,asm,37,6,14.9106,_ZN5aiter42fp8gemm_bf16_blockscale_BpreShuffle_96x128E,225.04,1824.03,0.0002
gfx950,256,64,5120,5120,asm,38,7,18.9347,_ZN5aiter42fp8gemm_bf16_blockscale_BpreShuffle_96x128E,177.21,1436.38,0.0004
gfx950,256,64,5120,5120,asm,39,8,19.5874,_ZN5aiter42fp8gemm_bf16_blockscale_BpreShuffle_96x128E,171.31,1388.52,0.0009
gfx950,256,64,5120,5120,asm,40,1,29.1247,_ZN5aiter43fp8gemm_bf16_blockscale_BpreShuffle_128x128E,115.21,933.83,0.0
gfx950,256,64,5120,5120,asm,41,2,21.8049,_ZN5aiter43fp8gemm_bf16_blockscale_BpreShuffle_128x128E,153.88,1247.31,0.0
gfx950,256,64,5120,5120,asm,42,3,18.5248,_ZN5aiter43fp8gemm_bf16_blockscale_BpreShuffle_128x128E,181.13,1468.16,0.0
gfx950,256,64,5120,5120,asm,43,4,16.9799,_ZN5aiter43fp8gemm_bf16_blockscale_BpreShuffle_128x128E,197.61,1601.74,0.0
gfx950,256,64,5120,5120,asm,44,5,16.1782,_ZN5aiter43fp8gemm_bf16_blockscale_BpreShuffle_128x128E,207.41,1681.12,0.0001
gfx950,256,64,5120,5120,asm,45,6,15.7133,_ZN5aiter43fp8gemm_bf16_blockscale_BpreShuffle_128x128E,213.54,1730.85,0.0002
gfx950,256,64,5120,5120,asm,46,7,20.5112,_ZN5aiter43fp8gemm_bf16_blockscale_BpreShuffle_128x128E,163.59,1325.98,0.0004
gfx950,256,64,5120,5120,asm,47,8,21.2017,_ZN5aiter43fp8gemm_bf16_blockscale_BpreShuffle_128x128E,158.26,1282.8,0.0007
gfx950,256,64,5120,17408,ck,0,0,136.4555,a8w8_blockscale_bpreshuffle_1x128x128_256x128x128x128_16x16_16x16_8x32x1_8x32x1_1x32x1x8_8_2x1_intrawave_v3,83.61,666.14,0.0
gfx950,256,64,5120,17408,cktile,0,0,58.8143,a8w8_blockscale_cktile_16x128x256_1x4x1_16x16x128_intrawave_0x1x0_1,193.98,1545.52,0.0
gfx950,256,64,5120,17408,asm,0,1,59.0854,_ZN5aiter42fp8gemm_bf16_blockscale_BpreShuffle_32x128E,193.09,1538.42,0.0
gfx950,256,64,5120,17408,ck,1,0,84.1972,a8w8_blockscale_bpreshuffle_1x128x128_256x64x128x128_16x16_16x16_8x32x1_8x32x1_1x32x1x8_8_2x1_intrawave_v3,135.5,1079.59,0.0
gfx950,256,64,5120,17408,cktile,1,0,59.1489,a8w8_blockscale_cktile_16x128x256_1x4x1_16x16x128_intrawave_0x1x0_2,192.88,1536.77,0.0
gfx950,256,64,5120,17408,asm,1,2,37.9257,_ZN5aiter42fp8gemm_bf16_blockscale_BpreShuffle_32x128E,300.81,2396.75,0.0
gfx950,256,64,5120,17408,ck,2,0,68.8486,a8w8_blockscale_bpreshuffle_1x128x128_256x64x64x128_16x16_16x16_8x32x1_8x32x1_1x32x1x8_8_2x1_intrawave_v3,165.7,1320.27,0.0
gfx950,256,64,5120,17408,cktile,2,0,63.9477,a8w8_blockscale_cktile_16x128x256_1x4x1_16x16x64_intrawave_0x1x0_1,178.4,1421.45,0.0
gfx950,256,64,5120,17408,asm,2,3,30.1621,_ZN5aiter42fp8gemm_bf16_blockscale_BpreShuffle_32x128E,378.24,3013.66,0.0017
gfx950,256,64,5120,17408,ck,3,0,87.436,a8w8_blockscale_bpreshuffle_1x128x128_256x16x256x128_8x16_16x16_16x16x1_8x32x1_1x16x1x16_8_1x2_intrawave_v1,130.48,1039.6,0.0
gfx950,256,64,5120,17408,cktile,3,0,65.3528,a8w8_blockscale_cktile_16x128x256_1x4x1_16x16x64_intrawave_0x1x0_2,174.57,1390.89,0.0
gfx950,256,64,5120,17408,asm,3,4,37.0711,_ZN5aiter42fp8gemm_bf16_blockscale_BpreShuffle_32x128E,307.75,2452.0,0.0082
gfx950,256,64,5120,17408,ck,4,0,57.6161,a8w8_blockscale_bpreshuffle_1x128x128_256x16x128x128_8x16_16x16_16x16x1_8x32x1_1x16x1x16_8_1x2_intrawave_v1,198.01,1577.66,0.0
gfx950,256,64,5120,17408,cktile,4,0,149.8981,a8w8_blockscale_cktile_32x128x128_1x4x1_16x16x128_intrawave_0x1x0_1,76.11,606.4,0.0
gfx950,256,64,5120,17408,asm,4,5,34.3,_ZN5aiter42fp8gemm_bf16_blockscale_BpreShuffle_32x128E,332.61,2650.1,0.0143
gfx950,256,64,5120,17408,ck,5,0,52.5348,a8w8_blockscale_bpreshuffle_1x128x128_256x16x64x128_8x16_16x16_16x16x1_8x32x1_1x16x1x16_4_1x1_intrawave_v1,217.16,1730.25,0.0
gfx950,256,64,5120,17408,cktile,5,0,150.4146,a8w8_blockscale_cktile_32x128x128_1x4x1_16x16x128_intrawave_0x1x0_2,75.85,604.32,0.0
gfx950,256,64,5120,17408,asm,5,6,35.1338,_ZN5aiter42fp8gemm_bf16_blockscale_BpreShuffle_32x128E,324.72,2587.21,0.0135
gfx950,256,64,5120,17408,ck,6,0,46.1586,a8w8_blockscale_bpreshuffle_1x128x128_256x16x128x256_16x16_16x16_16x16x1_16x16x1_1x16x1x16_8_1x2_intrawave_v1,247.16,1969.26,0.0
gfx950,256,64,5120,17408,cktile,6,0,103.0241,a8w8_blockscale_cktile_32x128x128_1x4x1_16x16x64_intrawave_0x1x0_1,110.74,882.3,0.0
gfx950,256,64,5120,17408,asm,6,7,40.9723,_ZN5aiter42fp8gemm_bf16_blockscale_BpreShuffle_32x128E,278.44,2218.53,0.0156
gfx950,256,64,5120,17408,ck,7,0,47.6803,a8w8_blockscale_bpreshuffle_1x128x128_256x16x64x256_16x16_16x16_16x16x1_16x16x1_1x16x1x16_4_1x1_intrawave_v1,239.27,1906.41,0.0
gfx950,256,64,5120,17408,cktile,7,0,103.1344,a8w8_blockscale_cktile_32x128x128_1x4x1_16x16x64_intrawave_0x1x0_2,110.62,881.36,0.0
gfx950,256,64,5120,17408,asm,7,8,39.0584,_ZN5aiter42fp8gemm_bf16_blockscale_BpreShuffle_32x128E,292.09,2327.24,0.0242
gfx950,256,64,5120,17408,ck,8,0,96.6742,a8w8_blockscale_bpreshuffle_1x128x128_256x32x256x128_16x16_16x16_8x32x1_8x32x1_1x32x1x8_8_2x1_intrawave_v1,118.01,940.26,0.0
gfx950,256,64,5120,17408,cktile,8,0,249.5063,a8w8_blockscale_cktile_128x128x128_1x4x1_16x16x128_intrawave_0x1x0_1,45.72,364.31,0.0
gfx950,256,64,5120,17408,asm,8,1,60.0945,_ZN5aiter42fp8gemm_bf16_blockscale_BpreShuffle_48x128E,189.84,1512.59,0.0
gfx950,256,64,5120,17408,ck,9,0,82.7328,a8w8_blockscale_bpreshuffle_1x128x128_256x32x128x128_16x16_16x16_8x32x1_8x32x1_1x32x1x8_8_2x1_intrawave_v1,137.9,1098.7,0.0
gfx950,256,64,5120,17408,cktile,9,0,249.5173,a8w8_blockscale_cktile_128x128x128_1x4x1_16x16x128_intrawave_0x1x0_1,45.72,364.3,0.0
gfx950,256,64,5120,17408,asm,9,2,38.4041,_ZN5aiter42fp8gemm_bf16_blockscale_BpreShuffle_48x128E,297.06,2366.89,0.0
gfx950,256,64,5120,17408,ck,10,0,56.7456,a8w8_blockscale_bpreshuffle_1x128x128_256x32x64x128_16x16_16x16_8x32x1_8x32x1_1x32x1x8_8_2x1_intrawave_v1,201.05,1601.86,0.0
gfx950,256,64,5120,17408,cktile,10,0,281.953,a8w8_blockscale_cktile_128x128x128_2x2x1_16x16x128_intrawave_0x1x0_2,40.46,322.39,0.0
gfx950,256,64,5120,17408,asm,10,3,30.4566,_ZN5aiter42fp8gemm_bf16_blockscale_BpreShuffle_48x128E,374.58,2984.52,0.0018
gfx950,256,64,5120,17408,ck,11,0,55.277,a8w8_blockscale_bpreshuffle_1x128x128_256x32x128x256_16x16_16x16_16x16x1_16x16x1_1x32x1x8_8_2x1_intrawave_v1,206.39,1644.42,0.0
gfx950,256,64,5120,17408,cktile,11,0,154.3672,a8w8_blockscale_cktile_192x256x128_4x2x1_16x16x128_intrawave_0x1x0_1,73.9,588.85,0.0
gfx950,256,64,5120,17408,asm,11,4,36.7505,_ZN5aiter42fp8gemm_bf16_blockscale_BpreShuffle_48x128E,310.43,2473.39,0.0082
gfx950,256,64,5120,17408,ck,12,0,39.3788,a8w8_blockscale_bpreshuffle_1x128x128_256x32x64x256_16x16_16x16_16x16x1_16x16x1_1x32x1x8_8_2x1_intrawave_v1,289.71,2308.31,0.0
gfx950,256,64,5120,17408,cktile,12,0,154.7874,a8w8_blockscale_cktile_192x256x128_4x2x1_16x16x128_intrawave_0x1x0_1_aqrm,73.7,587.25,0.8995
gfx950,256,64,5120,17408,asm,12,5,34.5976,_ZN5aiter42fp8gemm_bf16_blockscale_BpreShuffle_48x128E,329.75,2627.3,0.0148
gfx950,256,64,5120,17408,ck,13,0,130.3208,a8w8_blockscale_bpreshuffle_1x128x128_256x64x256x128_16x16_16x16_8x32x1_8x32x1_1x32x1x8_8_2x1_intrawave_v1,87.54,697.5,0.0
gfx950,256,64,5120,17408,cktile,13,0,59.4494,a8w8_blockscale_cktile_16x128x256_1x4x1_16x16x128_intrawave_0x1x0_3,191.9,1529.01,0.0
gfx950,256,64,5120,17408,asm,13,6,35.4371,_ZN5aiter42fp8gemm_bf16_blockscale_BpreShuffle_48x128E,321.94,2565.06,0.0136
gfx950,256,64,5120,17408,ck,14,0,90.8838,a8w8_blockscale_bpreshuffle_1x128x128_256x64x128x128_16x16_16x16_8x32x1_8x32x1_1x32x1x8_8_2x1_intrawave_v1,125.53,1000.16,0.0
gfx950,256,64,5120,17408,cktile,14,0,90.1662,a8w8_blockscale_cktile_16x128x256_1x4x1_16x16x128_intrawave_0x1x0_4,126.53,1008.12,0.0
gfx950,256,64,5120,17408,asm,14,7,41.6174,_ZN5aiter42fp8gemm_bf16_blockscale_BpreShuffle_48x128E,274.13,2184.14,0.0156
gfx950,256,64,5120,17408,ck,15,0,68.1018,a8w8_blockscale_bpreshuffle_1x128x128_256x64x64x128_16x16_16x16_8x32x1_8x32x1_1x32x1x8_8_2x1_intrawave_v1,167.52,1334.74,0.0
gfx950,256,64,5120,17408,cktile,15,0,66.0233,a8w8_blockscale_cktile_16x128x256_1x4x1_16x16x64_intrawave_0x1x0_3,172.8,1376.76,0.0
gfx950,256,64,5120,17408,asm,15,8,39.8054,_ZN5aiter42fp8gemm_bf16_blockscale_BpreShuffle_48x128E,286.61,2283.57,0.0238
gfx950,256,64,5120,17408,ck,16,0,80.486,a8w8_blockscale_bpreshuffle_1x128x128_256x64x128x256_16x16_16x16_16x16x1_16x16x1_1x32x1x8_8_2x1_intrawave_v1,141.75,1129.37,0.0
gfx950,256,64,5120,17408,cktile,16,0,65.6629,a8w8_blockscale_cktile_16x128x256_1x4x1_16x16x64_intrawave_0x1x0_4,173.74,1384.32,0.0
gfx950,256,64,5120,17408,asm,16,1,65.9333,_ZN5aiter42fp8gemm_bf16_blockscale_BpreShuffle_64x128E,173.03,1378.64,0.0
gfx950,256,64,5120,17408,ck,17,0,51.6162,a8w8_blockscale_bpreshuffle_1x128x128_256x64x64x256_16x16_16x16_16x16x1_16x16x1_1x32x1x8_8_2x1_intrawave_v1,221.03,1761.04,0.0
gfx950,256,64,5120,17408,cktile,17,0,150.2774,a8w8_blockscale_cktile_32x128x128_1x4x1_16x16x128_intrawave_0x1x0_3,75.92,604.87,0.0
gfx950,256,64,5120,17408,asm,17,2,41.7784,_ZN5aiter42fp8gemm_bf16_blockscale_BpreShuffle_64x128E,273.07,2175.73,0.0
gfx950,256,64,5120,17408,cktile,18,0,150.4289,a8w8_blockscale_cktile_32x128x128_1x4x1_16x16x128_intrawave_0x1x0_4,75.84,604.26,0.0
gfx950,256,64,5120,17408,asm,18,3,32.5362,_ZN5aiter42fp8gemm_bf16_blockscale_BpreShuffle_64x128E,350.64,2793.76,0.0017
gfx950,256,64,5120,17408,cktile,19,0,103.2645,a8w8_blockscale_cktile_32x128x128_1x4x1_16x16x64_intrawave_0x1x0_3,110.48,880.25,0.0
gfx950,256,64,5120,17408,asm,19,4,28.7562,_ZN5aiter42fp8gemm_bf16_blockscale_BpreShuffle_64x128E,396.73,3161.0,0.008
gfx950,256,64,5120,17408,cktile,20,0,103.163,a8w8_blockscale_cktile_32x128x128_1x4x1_16x16x64_intrawave_0x1x0_4,110.59,881.11,0.0
gfx950,256,64,5120,17408,asm,20,5,25.5789,_ZN5aiter42fp8gemm_bf16_blockscale_BpreShuffle_64x128E,446.01,3553.65,0.0148
gfx950,256,64,5120,17408,cktile,21,0,226.0655,a8w8_blockscale_cktile_128x128x128_1x4x1_16x16x128_intrawave_0x1x0_2,50.47,402.09,0.0
gfx950,256,64,5120,17408,asm,21,6,24.0119,_ZN5aiter42fp8gemm_bf16_blockscale_BpreShuffle_64x128E,475.12,3785.56,0.0134
gfx950,256,64,5120,17408,cktile,22,0,885.2859,a8w8_blockscale_cktile_128x128x128_1x4x1_16x16x128_intrawave_0x1x0_3,12.89,102.68,0.0
gfx950,256,64,5120,17408,asm,22,7,32.4822,_ZN5aiter42fp8gemm_bf16_blockscale_BpreShuffle_64x128E,351.22,2798.41,0.0159
gfx950,256,64,5120,17408,cktile,23,0,1214.518,a8w8_blockscale_cktile_128x128x128_1x4x1_16x16x128_intrawave_0x1x0_4,9.39,74.84,0.0
gfx950,256,64,5120,17408,asm,23,8,32.3958,_ZN5aiter42fp8gemm_bf16_blockscale_BpreShuffle_64x128E,352.16,2805.87,0.0242
gfx950,256,64,5120,17408,cktile,24,0,286.6921,a8w8_blockscale_cktile_128x128x128_2x2x1_16x16x128_intrawave_0x1x0_1,39.79,317.06,0.0
gfx950,256,64,5120,17408,asm,24,1,68.0457,_ZN5aiter42fp8gemm_bf16_blockscale_BpreShuffle_80x128E,167.66,1335.84,0.0
gfx950,256,64,5120,17408,cktile,25,0,845.8715,a8w8_blockscale_cktile_128x128x128_2x2x1_16x16x128_intrawave_0x1x0_3,13.49,107.46,0.0
gfx950,256,64,5120,17408,asm,25,2,42.4839,_ZN5aiter42fp8gemm_bf16_blockscale_BpreShuffle_80x128E,268.54,2139.6,0.0
gfx950,256,64,5120,17408,cktile,26,0,1301.7693,a8w8_blockscale_cktile_128x128x128_2x2x1_16x16x128_intrawave_0x1x0_4,8.76,69.83,0.0
gfx950,256,64,5120,17408,asm,26,3,33.0338,_ZN5aiter42fp8gemm_bf16_blockscale_BpreShuffle_80x128E,345.36,2751.68,0.0016
gfx950,256,64,5120,17408,cktile,27,0,154.2237,a8w8_blockscale_cktile_192x256x128_4x2x1_16x16x128_intrawave_0x1x0_2,73.97,589.39,0.0
gfx950,256,64,5120,17408,asm,27,4,28.9434,_ZN5aiter42fp8gemm_bf16_blockscale_BpreShuffle_80x128E,394.17,3140.56,0.0081
gfx950,256,64,5120,17408,cktile,28,0,154.9383,a8w8_blockscale_cktile_192x256x128_4x2x1_16x16x128_intrawave_0x1x0_3,73.63,586.68,0.0
gfx950,256,64,5120,17408,asm,28,5,24.8088,_ZN5aiter42fp8gemm_bf16_blockscale_BpreShuffle_80x128E,459.86,3663.96,0.015
gfx950,256,64,5120,17408,cktile,29,0,154.7468,a8w8_blockscale_cktile_192x256x128_4x2x1_16x16x128_intrawave_0x1x0_4,73.72,587.4,0.0
gfx950,256,64,5120,17408,asm,29,6,24.1044,_ZN5aiter42fp8gemm_bf16_blockscale_BpreShuffle_80x128E,473.3,3771.03,0.0135
gfx950,256,64,5120,17408,cktile,30,0,154.509,a8w8_blockscale_cktile_192x256x128_4x2x1_16x16x128_intrawave_0x1x0_2_aqrm,73.84,588.31,0.8995
gfx950,256,64,5120,17408,asm,30,7,33.1971,_ZN5aiter42fp8gemm_bf16_blockscale_BpreShuffle_80x128E,343.66,2738.14,0.0169
gfx950,256,64,5120,17408,cktile,31,0,155.3667,a8w8_blockscale_cktile_192x256x128_4x2x1_16x16x128_intrawave_0x1x0_3_aqrm,73.43,585.06,0.8995
gfx950,256,64,5120,17408,asm,31,8,33.0721,_ZN5aiter42fp8gemm_bf16_blockscale_BpreShuffle_80x128E,344.96,2748.49,0.0246
gfx950,256,64,5120,17408,cktile,32,0,154.5666,a8w8_blockscale_cktile_192x256x128_4x2x1_16x16x128_intrawave_0x1x0_4_aqrm,73.81,588.09,0.8995
gfx950,256,64,5120,17408,asm,32,1,71.1909,_ZN5aiter42fp8gemm_bf16_blockscale_BpreShuffle_96x128E,160.25,1276.83,0.0
gfx950,256,64,5120,17408,asm,33,2,43.806,_ZN5aiter42fp8gemm_bf16_blockscale_BpreShuffle_96x128E,260.43,2075.02,0.0
gfx950,256,64,5120,17408,asm,34,3,34.0577,_ZN5aiter42fp8gemm_bf16_blockscale_BpreShuffle_96x128E,334.98,2668.95,0.0015
gfx950,256,64,5120,17408,asm,35,4,29.7975,_ZN5aiter42fp8gemm_bf16_blockscale_BpreShuffle_96x128E,382.87,3050.54,0.0081
gfx950,256,64,5120,17408,asm,36,5,25.8698,_ZN5aiter42fp8gemm_bf16_blockscale_BpreShuffle_96x128E,441.0,3513.69,0.0148
gfx950,256,64,5120,17408,asm,37,6,23.6807,_ZN5aiter42fp8gemm_bf16_blockscale_BpreShuffle_96x128E,481.76,3838.5,0.0137
gfx950,256,64,5120,17408,asm,38,7,34.2514,_ZN5aiter42fp8gemm_bf16_blockscale_BpreShuffle_96x128E,333.08,2653.86,0.0166
gfx950,256,64,5120,17408,asm,39,8,33.9163,_ZN5aiter42fp8gemm_bf16_blockscale_BpreShuffle_96x128E,336.37,2680.08,0.0245
gfx950,256,64,5120,17408,asm,40,1,84.6688,_ZN5aiter43fp8gemm_bf16_blockscale_BpreShuffle_128x128E,134.74,1073.58,0.0
gfx950,256,64,5120,17408,asm,41,2,50.3827,_ZN5aiter43fp8gemm_bf16_blockscale_BpreShuffle_128x128E,226.44,1804.16,0.0
gfx950,256,64,5120,17408,asm,42,3,38.4569,_ZN5aiter43fp8gemm_bf16_blockscale_BpreShuffle_128x128E,296.66,2363.64,0.0017
gfx950,256,64,5120,17408,asm,43,4,31.8121,_ZN5aiter43fp8gemm_bf16_blockscale_BpreShuffle_128x128E,358.62,2857.35,0.0074
gfx950,256,64,5120,17408,asm,44,5,29.7806,_ZN5aiter43fp8gemm_bf16_blockscale_BpreShuffle_128x128E,383.09,3052.27,0.0146
gfx950,256,64,5120,17408,asm,45,6,26.192,_ZN5aiter43fp8gemm_bf16_blockscale_BpreShuffle_128x128E,435.57,3470.47,0.0135
gfx950,256,64,5120,17408,asm,46,7,38.2469,_ZN5aiter43fp8gemm_bf16_blockscale_BpreShuffle_128x128E,298.29,2376.62,0.0164
gfx950,256,64,5120,17408,asm,47,8,38.3342,_ZN5aiter43fp8gemm_bf16_blockscale_BpreShuffle_128x128E,297.61,2371.21,0.0242
gfx950,256,64,7168,5120,ck,0,0,44.5924,a8w8_blockscale_bpreshuffle_1x128x128_256x128x128x128_16x16_16x16_8x32x1_8x32x1_1x32x1x8_8_2x1_intrawave_v3,105.35,850.94,0.0
gfx950,256,64,7168,5120,cktile,0,0,23.1161,a8w8_blockscale_cktile_16x128x256_1x4x1_16x16x128_intrawave_0x1x0_1,203.22,1641.51,0.0
gfx950,256,64,7168,5120,asm,0,1,20.9769,_ZN5aiter42fp8gemm_bf16_blockscale_BpreShuffle_32x128E,223.94,1808.91,0.0
gfx950,256,64,7168,5120,ck,1,0,28.2199,a8w8_blockscale_bpreshuffle_1x128x128_256x64x128x128_16x16_16x16_8x32x1_8x32x1_1x32x1x8_8_2x1_intrawave_v3,166.46,1344.63,0.0
gfx950,256,64,7168,5120,cktile,1,0,23.0656,a8w8_blockscale_cktile_16x128x256_1x4x1_16x16x128_intrawave_0x1x0_2,203.66,1645.11,0.0
gfx950,256,64,7168,5120,asm,1,2,17.836,_ZN5aiter42fp8gemm_bf16_blockscale_BpreShuffle_32x128E,263.38,2127.46,0.0
gfx950,256,64,7168,5120,ck,2,0,23.0805,a8w8_blockscale_bpreshuffle_1x128x128_256x64x64x128_16x16_16x16_8x32x1_8x32x1_1x32x1x8_8_2x1_intrawave_v3,203.53,1644.04,0.0
gfx950,256,64,7168,5120,cktile,2,0,24.5652,a8w8_blockscale_cktile_16x128x256_1x4x1_16x16x64_intrawave_0x1x0_1,191.23,1544.68,0.0
gfx950,256,64,7168,5120,asm,2,3,20.0469,_ZN5aiter42fp8gemm_bf16_blockscale_BpreShuffle_32x128E,234.33,1892.83,0.0
gfx950,256,64,7168,5120,ck,3,0,28.726,a8w8_blockscale_bpreshuffle_1x128x128_256x16x256x128_8x16_16x16_16x16x1_8x32x1_1x16x1x16_8_1x2_intrawave_v1,163.53,1320.94,0.0
gfx950,256,64,7168,5120,cktile,3,0,24.9804,a8w8_blockscale_cktile_16x128x256_1x4x1_16x16x64_intrawave_0x1x0_2,188.05,1519.0,0.0
gfx950,256,64,7168,5120,asm,3,4,19.5921,_ZN5aiter42fp8gemm_bf16_blockscale_BpreShuffle_32x128E,239.77,1936.77,0.0001
gfx950,256,64,7168,5120,ck,4,0,19.6504,a8w8_blockscale_bpreshuffle_1x128x128_256x16x128x128_8x16_16x16_16x16x1_8x32x1_1x16x1x16_8_1x2_intrawave_v1,239.06,1931.02,0.0
gfx950,256,64,7168,5120,cktile,4,0,48.634,a8w8_blockscale_cktile_32x128x128_1x4x1_16x16x128_intrawave_0x1x0_1,96.59,780.22,0.0
gfx950,256,64,7168,5120,asm,4,5,22.9143,_ZN5aiter42fp8gemm_bf16_blockscale_BpreShuffle_32x128E,205.01,1655.97,0.0001
gfx950,256,64,7168,5120,ck,5,0,18.4173,a8w8_blockscale_bpreshuffle_1x128x128_256x16x64x128_8x16_16x16_16x16x1_8x32x1_1x16x1x16_4_1x1_intrawave_v1,255.07,2060.31,0.0
gfx950,256,64,7168,5120,cktile,5,0,48.7132,a8w8_blockscale_cktile_32x128x128_1x4x1_16x16x128_intrawave_0x1x0_2,96.43,778.95,0.0
gfx950,256,64,7168,5120,asm,5,6,21.1513,_ZN5aiter42fp8gemm_bf16_blockscale_BpreShuffle_32x128E,222.1,1794.0,0.0002
gfx950,256,64,7168,5120,ck,6,0,16.2353,a8w8_blockscale_bpreshuffle_1x128x128_256x16x128x256_16x16_16x16_16x16x1_16x16x1_1x16x1x16_8_1x2_intrawave_v1,289.35,2337.21,0.0
gfx950,256,64,7168,5120,cktile,6,0,36.0477,a8w8_blockscale_cktile_32x128x128_1x4x1_16x16x64_intrawave_0x1x0_1,130.32,1052.64,0.0
gfx950,256,64,7168,5120,asm,6,7,22.5842,_ZN5aiter42fp8gemm_bf16_blockscale_BpreShuffle_32x128E,208.0,1680.17,0.0004
gfx950,256,64,7168,5120,ck,7,0,16.8601,a8w8_blockscale_bpreshuffle_1x128x128_256x16x64x256_16x16_16x16_16x16x1_16x16x1_1x16x1x16_4_1x1_intrawave_v1,278.62,2250.6,0.0
gfx950,256,64,7168,5120,cktile,7,0,36.2908,a8w8_blockscale_cktile_32x128x128_1x4x1_16x16x64_intrawave_0x1x0_2,129.44,1045.59,0.0
gfx950,256,64,7168,5120,asm,7,8,23.1586,_ZN5aiter42fp8gemm_bf16_blockscale_BpreShuffle_32x128E,202.85,1638.5,0.0009
gfx950,256,64,7168,5120,ck,8,0,32.3426,a8w8_blockscale_bpreshuffle_1x128x128_256x32x256x128_16x16_16x16_8x32x1_8x32x1_1x32x1x8_8_2x1_intrawave_v1,145.25,1173.23,0.0
gfx950,256,64,7168,5120,cktile,8,0,78.6213,a8w8_blockscale_cktile_128x128x128_1x4x1_16x16x128_intrawave_0x1x0_1,59.75,482.63,0.0
gfx950,256,64,7168,5120,asm,8,1,21.5318,_ZN5aiter42fp8gemm_bf16_blockscale_BpreShuffle_48x128E,218.17,1762.29,0.0
gfx950,256,64,7168,5120,ck,9,0,26.9179,a8w8_blockscale_bpreshuffle_1x128x128_256x32x128x128_16x16_16x16_8x32x1_8x32x1_1x32x1x8_8_2x1_intrawave_v1,174.52,1409.67,0.0
gfx950,256,64,7168,5120,cktile,9,0,78.6748,a8w8_blockscale_cktile_128x128x128_1x4x1_16x16x128_intrawave_0x1x0_1,59.71,482.31,0.0
gfx950,256,64,7168,5120,asm,9,2,18.1126,_ZN5aiter42fp8gemm_bf16_blockscale_BpreShuffle_48x128E,259.36,2094.97,0.0
gfx950,256,64,7168,5120,ck,10,0,19.5839,a8w8_blockscale_bpreshuffle_1x128x128_256x32x64x128_16x16_16x16_8x32x1_8x32x1_1x32x1x8_8_2x1_intrawave_v1,239.87,1937.58,0.0
gfx950,256,64,7168,5120,cktile,10,0,87.1539,a8w8_blockscale_cktile_128x128x128_2x2x1_16x16x128_intrawave_0x1x0_2,53.9,435.38,0.0
gfx950,256,64,7168,5120,asm,10,3,20.3278,_ZN5aiter42fp8gemm_bf16_blockscale_BpreShuffle_48x128E,231.09,1866.67,0.0
gfx950,256,64,7168,5120,ck,11,0,19.5784,a8w8_blockscale_bpreshuffle_1x128x128_256x32x128x256_16x16_16x16_16x16x1_16x16x1_1x32x1x8_8_2x1_intrawave_v1,239.94,1938.12,0.0
gfx950,256,64,7168,5120,cktile,11,0,49.8434,a8w8_blockscale_cktile_192x256x128_4x2x1_16x16x128_intrawave_0x1x0_1,94.25,761.29,0.0
gfx950,256,64,7168,5120,asm,11,4,20.2703,_ZN5aiter42fp8gemm_bf16_blockscale_BpreShuffle_48x128E,231.75,1871.97,0.0001
gfx950,256,64,7168,5120,ck,12,0,14.5961,a8w8_blockscale_bpreshuffle_1x128x128_256x32x64x256_16x16_16x16_16x16x1_16x16x1_1x32x1x8_8_2x1_intrawave_v1,321.84,2599.69,0.0
gfx950,256,64,7168,5120,cktile,12,0,49.6591,a8w8_blockscale_cktile_192x256x128_4x2x1_16x16x128_intrawave_0x1x0_1_aqrm,94.6,764.12,0.9415
gfx950,256,64,7168,5120,asm,12,5,23.6985,_ZN5aiter42fp8gemm_bf16_blockscale_BpreShuffle_48x128E,198.22,1601.17,0.0001
gfx950,256,64,7168,5120,ck,13,0,43.3644,a8w8_blockscale_bpreshuffle_1x128x128_256x64x256x128_16x16_16x16_8x32x1_8x32x1_1x32x1x8_8_2x1_intrawave_v1,108.33,875.03,0.0
gfx950,256,64,7168,5120,cktile,13,0,23.1077,a8w8_blockscale_cktile_16x128x256_1x4x1_16x16x128_intrawave_0x1x0_3,203.29,1642.11,0.0
gfx950,256,64,7168,5120,asm,13,6,22.1653,_ZN5aiter42fp8gemm_bf16_blockscale_BpreShuffle_48x128E,211.94,1711.93,0.0002
gfx950,256,64,7168,5120,ck,14,0,30.348,a8w8_blockscale_bpreshuffle_1x128x128_256x64x128x128_16x16_16x16_8x32x1_8x32x1_1x32x1x8_8_2x1_intrawave_v1,154.79,1250.34,0.0
gfx950,256,64,7168,5120,cktile,14,0,33.0112,a8w8_blockscale_cktile_16x128x256_1x4x1_16x16x128_intrawave_0x1x0_4,142.3,1149.47,0.0
gfx950,256,64,7168,5120,asm,14,7,23.973,_ZN5aiter42fp8gemm_bf16_blockscale_BpreShuffle_48x128E,195.95,1582.84,0.0004
gfx950,256,64,7168,5120,ck,15,0,22.9696,a8w8_blockscale_bpreshuffle_1x128x128_256x64x64x128_16x16_16x16_8x32x1_8x32x1_1x32x1x8_8_2x1_intrawave_v1,204.51,1651.98,0.0
gfx950,256,64,7168,5120,cktile,15,0,24.9639,a8w8_blockscale_cktile_16x128x256_1x4x1_16x16x64_intrawave_0x1x0_3,188.18,1520.01,0.0
gfx950,256,64,7168,5120,asm,15,8,24.5568,_ZN5aiter42fp8gemm_bf16_blockscale_BpreShuffle_48x128E,191.3,1545.21,0.0008
gfx950,256,64,7168,5120,ck,16,0,27.4221,a8w8_blockscale_bpreshuffle_1x128x128_256x64x128x256_16x16_16x16_16x16x1_16x16x1_1x32x1x8_8_2x1_intrawave_v1,171.31,1383.75,0.0
gfx950,256,64,7168,5120,cktile,16,0,24.9409,a8w8_blockscale_cktile_16x128x256_1x4x1_16x16x64_intrawave_0x1x0_4,188.35,1521.41,0.0
gfx950,256,64,7168,5120,asm,16,1,23.8957,_ZN5aiter42fp8gemm_bf16_blockscale_BpreShuffle_64x128E,196.59,1587.96,0.0
gfx950,256,64,7168,5120,ck,17,0,18.5447,a8w8_blockscale_bpreshuffle_1x128x128_256x64x64x256_16x16_16x16_16x16x1_16x16x1_1x32x1x8_8_2x1_intrawave_v1,253.31,2046.16,0.0
gfx950,256,64,7168,5120,cktile,17,0,48.6612,a8w8_blockscale_cktile_32x128x128_1x4x1_16x16x128_intrawave_0x1x0_3,96.54,779.79,0.0
gfx950,256,64,7168,5120,asm,17,2,18.9527,_ZN5aiter42fp8gemm_bf16_blockscale_BpreShuffle_64x128E,247.86,2002.11,0.0
gfx950,256,64,7168,5120,cktile,18,0,48.6127,a8w8_blockscale_cktile_32x128x128_1x4x1_16x16x128_intrawave_0x1x0_4,96.63,780.56,0.0
gfx950,256,64,7168,5120,asm,18,3,16.8317,_ZN5aiter42fp8gemm_bf16_blockscale_BpreShuffle_64x128E,279.09,2254.4,0.0
gfx950,256,64,7168,5120,cktile,19,0,36.2005,a8w8_blockscale_cktile_32x128x128_1x4x1_16x16x64_intrawave_0x1x0_3,129.77,1048.2,0.0
gfx950,256,64,7168,5120,asm,19,4,16.4102,_ZN5aiter42fp8gemm_bf16_blockscale_BpreShuffle_64x128E,286.26,2312.3,0.0001
gfx950,256,64,7168,5120,cktile,20,0,36.0566,a8w8_blockscale_cktile_32x128x128_1x4x1_16x16x64_intrawave_0x1x0_4,130.28,1052.38,0.0
gfx950,256,64,7168,5120,asm,20,5,21.8279,_ZN5aiter42fp8gemm_bf16_blockscale_BpreShuffle_64x128E,215.21,1738.39,0.0001
gfx950,256,64,7168,5120,cktile,21,0,73.0142,a8w8_blockscale_cktile_128x128x128_1x4x1_16x16x128_intrawave_0x1x0_2,64.34,519.7,0.0
gfx950,256,64,7168,5120,asm,21,6,20.4017,_ZN5aiter42fp8gemm_bf16_blockscale_BpreShuffle_64x128E,230.26,1859.91,0.0002
gfx950,256,64,7168,5120,cktile,22,0,260.7173,a8w8_blockscale_cktile_128x128x128_1x4x1_16x16x128_intrawave_0x1x0_3,18.02,145.54,0.0
gfx950,256,64,7168,5120,asm,22,7,20.2295,_ZN5aiter42fp8gemm_bf16_blockscale_BpreShuffle_64x128E,232.22,1875.74,0.0004
gfx950,256,64,7168,5120,cktile,23,0,361.2865,a8w8_blockscale_cktile_128x128x128_1x4x1_16x16x128_intrawave_0x1x0_4,13.0,105.03,0.0
gfx950,256,64,7168,5120,asm,23,8,19.9304,_ZN5aiter42fp8gemm_bf16_blockscale_BpreShuffle_64x128E,235.7,1903.89,0.0007
gfx950,256,64,7168,5120,cktile,24,0,88.0579,a8w8_blockscale_cktile_128x128x128_2x2x1_16x16x128_intrawave_0x1x0_1,53.35,430.91,0.0
gfx950,256,64,7168,5120,asm,24,1,25.2529,_ZN5aiter42fp8gemm_bf16_blockscale_BpreShuffle_80x128E,186.02,1502.61,0.0
gfx950,256,64,7168,5120,cktile,25,0,248.6091,a8w8_blockscale_cktile_128x128x128_2x2x1_16x16x128_intrawave_0x1x0_3,18.9,152.63,0.0
gfx950,256,64,7168,5120,asm,25,2,19.3463,_ZN5aiter42fp8gemm_bf16_blockscale_BpreShuffle_80x128E,242.82,1961.37,0.0
gfx950,256,64,7168,5120,cktile,26,0,390.8699,a8w8_blockscale_cktile_128x128x128_2x2x1_16x16x128_intrawave_0x1x0_4,12.02,97.08,0.0
gfx950,256,64,7168,5120,asm,26,3,17.0439,_ZN5aiter42fp8gemm_bf16_blockscale_BpreShuffle_80x128E,275.62,2226.33,0.0
gfx950,256,64,7168,5120,cktile,27,0,49.8632,a8w8_blockscale_cktile_192x256x128_4x2x1_16x16x128_intrawave_0x1x0_2,94.21,760.99,0.0
gfx950,256,64,7168,5120,asm,27,4,16.6298,_ZN5aiter42fp8gemm_bf16_blockscale_BpreShuffle_80x128E,282.48,2281.77,0.0001
gfx950,256,64,7168,5120,cktile,28,0,49.8421,a8w8_blockscale_cktile_192x256x128_4x2x1_16x16x128_intrawave_0x1x0_3,94.25,761.31,0.0
gfx950,256,64,7168,5120,asm,28,5,21.9969,_ZN5aiter42fp8gemm_bf16_blockscale_BpreShuffle_80x128E,213.56,1725.03,0.0001
gfx950,256,64,7168,5120,cktile,29,0,49.6997,a8w8_blockscale_cktile_192x256x128_4x2x1_16x16x128_intrawave_0x1x0_4,94.52,763.49,0.0
gfx950,256,64,7168,5120,asm,29,6,20.7305,_ZN5aiter42fp8gemm_bf16_blockscale_BpreShuffle_80x128E,226.6,1830.41,0.0002
gfx950,256,64,7168,5120,cktile,30,0,49.8309,a8w8_blockscale_cktile_192x256x128_4x2x1_16x16x128_intrawave_0x1x0_2_aqrm,94.27,761.48,0.9415
gfx950,256,64,7168,5120,asm,30,7,20.5591,_ZN5aiter42fp8gemm_bf16_blockscale_BpreShuffle_80x128E,228.49,1845.67,0.0005
gfx950,256,64,7168,5120,cktile,31,0,49.5926,a8w8_blockscale_cktile_192x256x128_4x2x1_16x16x128_intrawave_0x1x0_3_aqrm,94.72,765.14,0.9415
gfx950,256,64,7168,5120,asm,31,8,20.2305,_ZN5aiter42fp8gemm_bf16_blockscale_BpreShuffle_80x128E,232.2,1875.65,0.0008
gfx950,256,64,7168,5120,cktile,32,0,49.5404,a8w8_blockscale_cktile_192x256x128_4x2x1_16x16x128_intrawave_0x1x0_4_aqrm,94.82,765.95,0.9415
gfx950,256,64,7168,5120,asm,32,1,25.9137,_ZN5aiter42fp8gemm_bf16_blockscale_BpreShuffle_96x128E,181.28,1464.3,0.0
gfx950,256,64,7168,5120,asm,33,2,19.9328,_ZN5aiter42fp8gemm_bf16_blockscale_BpreShuffle_96x128E,235.67,1903.66,0.0
gfx950,256,64,7168,5120,asm,34,3,17.4223,_ZN5aiter42fp8gemm_bf16_blockscale_BpreShuffle_96x128E,269.63,2177.98,0.0
gfx950,256,64,7168,5120,asm,35,4,17.0364,_ZN5aiter42fp8gemm_bf16_blockscale_BpreShuffle_96x128E,275.74,2227.31,0.0001
gfx950,256,64,7168,5120,asm,36,5,22.6872,_ZN5aiter42fp8gemm_bf16_blockscale_BpreShuffle_96x128E,207.06,1672.54,0.0001
gfx950,256,64,7168,5120,asm,37,6,21.1646,_ZN5aiter42fp8gemm_bf16_blockscale_BpreShuffle_96x128E,221.96,1792.87,0.0002
gfx950,256,64,7168,5120,asm,38,7,21.0149,_ZN5aiter42fp8gemm_bf16_blockscale_BpreShuffle_96x128E,223.54,1805.64,0.0004
gfx950,256,64,7168,5120,asm,39,8,20.7844,_ZN5aiter42fp8gemm_bf16_blockscale_BpreShuffle_96x128E,226.02,1825.66,0.0007
gfx950,256,64,7168,5120,asm,40,1,29.4493,_ZN5aiter43fp8gemm_bf16_blockscale_BpreShuffle_128x128E,159.52,1288.5,0.0
gfx950,256,64,7168,5120,asm,41,2,22.1471,_ZN5aiter43fp8gemm_bf16_blockscale_BpreShuffle_128x128E,212.11,1713.33,0.0
gfx950,256,64,7168,5120,asm,42,3,19.1035,_ZN5aiter43fp8gemm_bf16_blockscale_BpreShuffle_128x128E,245.9,1986.3,0.0
gfx950,256,64,7168,5120,asm,43,4,17.8835,_ZN5aiter43fp8gemm_bf16_blockscale_BpreShuffle_128x128E,262.68,2121.81,0.0
gfx950,256,64,7168,5120,asm,44,5,24.5429,_ZN5aiter43fp8gemm_bf16_blockscale_BpreShuffle_128x128E,191.4,1546.08,0.0001
gfx950,256,64,7168,5120,asm,45,6,23.2593,_ZN5aiter43fp8gemm_bf16_blockscale_BpreShuffle_128x128E,201.97,1631.41,0.0002
gfx950,256,64,7168,5120,asm,46,7,22.7144,_ZN5aiter43fp8gemm_bf16_blockscale_BpreShuffle_128x128E,206.81,1670.54,0.0004
gfx950,256,64,7168,5120,asm,47,8,22.3295,_ZN5aiter43fp8gemm_bf16_blockscale_BpreShuffle_128x128E,210.38,1699.34,0.0008
gfx950,256,64,34816,5120,ck,0,0,65.2142,a8w8_blockscale_bpreshuffle_1x128x128_256x128x128x128_16x16_16x16_8x32x1_8x32x1_1x32x1x8_8_2x1_intrawave_v3,349.88,2806.78,0.0
gfx950,256,64,34816,5120,cktile,0,0,105.6227,a8w8_blockscale_cktile_16x128x256_1x4x1_16x16x128_intrawave_0x1x0_1,216.02,1732.98,0.0
gfx950,256,64,34816,5120,asm,0,1,72.7076,_ZN5aiter42fp8gemm_bf16_blockscale_BpreShuffle_32x128E,313.82,2517.51,0.0
gfx950,256,64,34816,5120,ck,1,0,53.7867,a8w8_blockscale_bpreshuffle_1x128x128_256x64x128x128_16x16_16x16_8x32x1_8x32x1_1x32x1x8_8_2x1_intrawave_v3,424.21,3403.11,0.0
gfx950,256,64,34816,5120,cktile,1,0,106.2061,a8w8_blockscale_cktile_16x128x256_1x4x1_16x16x128_intrawave_0x1x0_2,214.84,1723.46,0.0
gfx950,256,64,34816,5120,asm,1,2,72.384,_ZN5aiter42fp8gemm_bf16_blockscale_BpreShuffle_32x128E,315.22,2528.76,0.0
gfx950,256,64,34816,5120,ck,2,0,51.4117,a8w8_blockscale_bpreshuffle_1x128x128_256x64x64x128_16x16_16x16_8x32x1_8x32x1_1x32x1x8_8_2x1_intrawave_v3,443.81,3560.32,0.0
gfx950,256,64,34816,5120,cktile,2,0,107.449,a8w8_blockscale_cktile_16x128x256_1x4x1_16x16x64_intrawave_0x1x0_1,212.35,1703.52,0.0
gfx950,256,64,34816,5120,asm,2,3,71.0299,_ZN5aiter42fp8gemm_bf16_blockscale_BpreShuffle_32x128E,321.23,2576.97,0.0
gfx950,256,64,34816,5120,ck,3,0,70.8559,a8w8_blockscale_bpreshuffle_1x128x128_256x16x256x128_8x16_16x16_16x16x1_8x32x1_1x16x1x16_8_1x2_intrawave_v1,322.02,2583.3,0.0
gfx950,256,64,34816,5120,cktile,3,0,102.6848,a8w8_blockscale_cktile_16x128x256_1x4x1_16x16x64_intrawave_0x1x0_2,222.2,1782.56,0.0
gfx950,256,64,34816,5120,asm,3,4,73.5551,_ZN5aiter42fp8gemm_bf16_blockscale_BpreShuffle_32x128E,310.2,2488.5,0.0
gfx950,256,64,34816,5120,ck,4,0,67.3585,a8w8_blockscale_bpreshuffle_1x128x128_256x16x128x128_8x16_16x16_16x16x1_8x32x1_1x16x1x16_8_1x2_intrawave_v1,338.74,2717.43,0.0
gfx950,256,64,34816,5120,cktile,4,0,66.4712,a8w8_blockscale_cktile_32x128x128_1x4x1_16x16x128_intrawave_0x1x0_1,343.26,2753.7,0.0
gfx950,256,64,34816,5120,asm,4,5,75.2429,_ZN5aiter42fp8gemm_bf16_blockscale_BpreShuffle_32x128E,303.24,2432.68,0.0001
gfx950,256,64,34816,5120,ck,5,0,66.812,a8w8_blockscale_bpreshuffle_1x128x128_256x16x64x128_8x16_16x16_16x16x1_8x32x1_1x16x1x16_4_1x1_intrawave_v1,341.51,2739.66,0.0
gfx950,256,64,34816,5120,cktile,5,0,66.7811,a8w8_blockscale_cktile_32x128x128_1x4x1_16x16x128_intrawave_0x1x0_2,341.67,2740.93,0.0
gfx950,256,64,34816,5120,asm,5,6,77.8912,_ZN5aiter42fp8gemm_bf16_blockscale_BpreShuffle_32x128E,292.93,2349.97,0.0002
gfx950,256,64,34816,5120,ck,6,0,58.43,a8w8_blockscale_bpreshuffle_1x128x128_256x16x128x256_16x16_16x16_16x16x1_16x16x1_1x16x1x16_8_1x2_intrawave_v1,390.5,3132.67,0.0
gfx950,256,64,34816,5120,cktile,6,0,61.3619,a8w8_blockscale_cktile_32x128x128_1x4x1_16x16x64_intrawave_0x1x0_1,371.84,2982.99,0.0
gfx950,256,64,34816,5120,asm,6,7,80.0511,_ZN5aiter42fp8gemm_bf16_blockscale_BpreShuffle_32x128E,285.03,2286.57,0.0004
gfx950,256,64,34816,5120,ck,7,0,62.5334,a8w8_blockscale_bpreshuffle_1x128x128_256x16x64x256_16x16_16x16_16x16x1_16x16x1_1x16x1x16_4_1x1_intrawave_v1,364.88,2927.11,0.0
gfx950,256,64,34816,5120,cktile,7,0,60.8815,a8w8_blockscale_cktile_32x128x128_1x4x1_16x16x64_intrawave_0x1x0_2,374.78,3006.53,0.0
gfx950,256,64,34816,5120,asm,7,8,83.7329,_ZN5aiter42fp8gemm_bf16_blockscale_BpreShuffle_32x128E,272.5,2186.02,0.0008
gfx950,256,64,34816,5120,ck,8,0,60.2498,a8w8_blockscale_bpreshuffle_1x128x128_256x32x256x128_16x16_16x16_8x32x1_8x32x1_1x32x1x8_8_2x1_intrawave_v1,378.71,3038.05,0.0
gfx950,256,64,34816,5120,cktile,8,0,151.926,a8w8_blockscale_cktile_128x128x128_1x4x1_16x16x128_intrawave_0x1x0_1,150.19,1204.81,0.0
gfx950,256,64,34816,5120,asm,8,1,72.889,_ZN5aiter42fp8gemm_bf16_blockscale_BpreShuffle_48x128E,313.04,2511.24,0.0
gfx950,256,64,34816,5120,ck,9,0,53.2222,a8w8_blockscale_bpreshuffle_1x128x128_256x32x128x128_16x16_16x16_8x32x1_8x32x1_1x32x1x8_8_2x1_intrawave_v1,428.71,3439.2,0.0
gfx950,256,64,34816,5120,cktile,9,0,151.9966,a8w8_blockscale_cktile_128x128x128_1x4x1_16x16x128_intrawave_0x1x0_1,150.12,1204.25,0.0
gfx950,256,64,34816,5120,asm,9,2,73.2743,_ZN5aiter42fp8gemm_bf16_blockscale_BpreShuffle_48x128E,311.39,2498.04,0.0
gfx950,256,64,34816,5120,ck,10,0,53.2068,a8w8_blockscale_bpreshuffle_1x128x128_256x32x64x128_16x16_16x16_8x32x1_8x32x1_1x32x1x8_8_2x1_intrawave_v1,428.84,3440.2,0.0
gfx950,256,64,34816,5120,cktile,10,0,107.4953,a8w8_blockscale_cktile_128x128x128_2x2x1_16x16x128_intrawave_0x1x0_2,212.26,1702.79,0.0
gfx950,256,64,34816,5120,asm,10,3,72.4968,_ZN5aiter42fp8gemm_bf16_blockscale_BpreShuffle_48x128E,314.73,2524.83,0.0
gfx950,256,64,34816,5120,ck,11,0,50.0027,a8w8_blockscale_bpreshuffle_1x128x128_256x32x128x256_16x16_16x16_16x16x1_16x16x1_1x32x1x8_8_2x1_intrawave_v1,456.32,3660.64,0.0
gfx950,256,64,34816,5120,cktile,11,0,56.666,a8w8_blockscale_cktile_192x256x128_4x2x1_16x16x128_intrawave_0x1x0_1,402.66,3230.19,0.0
gfx950,256,64,34816,5120,asm,11,4,75.3694,_ZN5aiter42fp8gemm_bf16_blockscale_BpreShuffle_48x128E,302.74,2428.6,0.0
gfx950,256,64,34816,5120,ck,12,0,50.8727,a8w8_blockscale_bpreshuffle_1x128x128_256x32x64x256_16x16_16x16_16x16x1_16x16x1_1x32x1x8_8_2x1_intrawave_v1,448.51,3598.04,0.0
gfx950,256,64,34816,5120,cktile,12,0,57.0472,a8w8_blockscale_cktile_192x256x128_4x2x1_16x16x128_intrawave_0x1x0_1_aqrm,399.97,3208.61,0.9353
gfx950,256,64,34816,5120,asm,12,5,77.833,_ZN5aiter42fp8gemm_bf16_blockscale_BpreShuffle_48x128E,293.15,2351.73,0.0001
gfx950,256,64,34816,5120,ck,13,0,51.1655,a8w8_blockscale_bpreshuffle_1x128x128_256x64x256x128_16x16_16x16_8x32x1_8x32x1_1x32x1x8_8_2x1_intrawave_v1,445.95,3577.45,0.0
gfx950,256,64,34816,5120,cktile,13,0,106.2894,a8w8_blockscale_cktile_16x128x256_1x4x1_16x16x128_intrawave_0x1x0_3,214.67,1722.11,0.0
gfx950,256,64,34816,5120,asm,13,6,80.8247,_ZN5aiter42fp8gemm_bf16_blockscale_BpreShuffle_48x128E,282.3,2264.68,0.0002
gfx950,256,64,34816,5120,ck,14,0,51.6647,a8w8_blockscale_bpreshuffle_1x128x128_256x64x128x128_16x16_16x16_8x32x1_8x32x1_1x32x1x8_8_2x1_intrawave_v1,441.64,3542.88,0.0
gfx950,256,64,34816,5120,cktile,14,0,120.7906,a8w8_blockscale_cktile_16x128x256_1x4x1_16x16x128_intrawave_0x1x0_4,188.9,1515.37,0.0
gfx950,256,64,34816,5120,asm,14,7,83.3261,_ZN5aiter42fp8gemm_bf16_blockscale_BpreShuffle_48x128E,273.83,2196.7,0.0004
gfx950,256,64,34816,5120,ck,15,0,49.8387,a8w8_blockscale_bpreshuffle_1x128x128_256x64x64x128_16x16_16x16_8x32x1_8x32x1_1x32x1x8_8_2x1_intrawave_v1,457.82,3672.69,0.0
gfx950,256,64,34816,5120,cktile,15,0,102.9007,a8w8_blockscale_cktile_16x128x256_1x4x1_16x16x64_intrawave_0x1x0_3,221.74,1778.82,0.0
gfx950,256,64,34816,5120,asm,15,8,87.375,_ZN5aiter42fp8gemm_bf16_blockscale_BpreShuffle_48x128E,261.14,2094.9,0.0009
gfx950,256,64,34816,5120,ck,16,0,52.7111,a8w8_blockscale_bpreshuffle_1x128x128_256x64x128x256_16x16_16x16_16x16x1_16x16x1_1x32x1x8_8_2x1_intrawave_v1,432.87,3472.55,0.0
gfx950,256,64,34816,5120,cktile,16,0,103.6787,a8w8_blockscale_cktile_16x128x256_1x4x1_16x16x64_intrawave_0x1x0_4,220.07,1765.47,0.0
gfx950,256,64,34816,5120,asm,16,1,54.284,_ZN5aiter42fp8gemm_bf16_blockscale_BpreShuffle_64x128E,420.33,3371.93,0.0
gfx950,256,64,34816,5120,ck,17,0,47.9475,a8w8_blockscale_bpreshuffle_1x128x128_256x64x64x256_16x16_16x16_16x16x1_16x16x1_1x32x1x8_8_2x1_intrawave_v1,475.87,3817.55,0.0
gfx950,256,64,34816,5120,cktile,17,0,66.7799,a8w8_blockscale_cktile_32x128x128_1x4x1_16x16x128_intrawave_0x1x0_3,341.67,2740.98,0.0
gfx950,256,64,34816,5120,asm,17,2,52.6414,_ZN5aiter42fp8gemm_bf16_blockscale_BpreShuffle_64x128E,433.44,3477.15,0.0
gfx950,256,64,34816,5120,cktile,18,0,66.4322,a8w8_blockscale_cktile_32x128x128_1x4x1_16x16x128_intrawave_0x1x0_4,343.46,2755.32,0.0
gfx950,256,64,34816,5120,asm,18,3,50.132,_ZN5aiter42fp8gemm_bf16_blockscale_BpreShuffle_64x128E,455.14,3651.2,0.0
gfx950,256,64,34816,5120,cktile,19,0,60.8469,a8w8_blockscale_cktile_32x128x128_1x4x1_16x16x64_intrawave_0x1x0_3,374.99,3008.24,0.0
gfx950,256,64,34816,5120,asm,19,4,53.2248,_ZN5aiter42fp8gemm_bf16_blockscale_BpreShuffle_64x128E,428.69,3439.04,0.0
gfx950,256,64,34816,5120,cktile,20,0,60.5028,a8w8_blockscale_cktile_32x128x128_1x4x1_16x16x64_intrawave_0x1x0_4,377.12,3025.35,0.0
gfx950,256,64,34816,5120,asm,20,5,54.8937,_ZN5aiter42fp8gemm_bf16_blockscale_BpreShuffle_64x128E,415.66,3334.48,0.0001
gfx950,256,64,34816,5120,cktile,21,0,102.5043,a8w8_blockscale_cktile_128x128x128_1x4x1_16x16x128_intrawave_0x1x0_2,222.6,1785.7,0.0
gfx950,256,64,34816,5120,asm,21,6,56.4047,_ZN5aiter42fp8gemm_bf16_blockscale_BpreShuffle_64x128E,404.52,3245.16,0.0002
gfx950,256,64,34816,5120,cktile,22,0,492.3814,a8w8_blockscale_cktile_128x128x128_1x4x1_16x16x128_intrawave_0x1x0_3,46.34,371.75,0.0
gfx950,256,64,34816,5120,asm,22,7,57.8099,_ZN5aiter42fp8gemm_bf16_blockscale_BpreShuffle_64x128E,394.69,3166.28,0.0004
gfx950,256,64,34816,5120,cktile,23,0,754.6246,a8w8_blockscale_cktile_128x128x128_1x4x1_16x16x128_intrawave_0x1x0_4,30.24,242.56,0.0
gfx950,256,64,34816,5120,asm,23,8,61.4506,_ZN5aiter42fp8gemm_bf16_blockscale_BpreShuffle_64x128E,371.31,2978.69,0.0009
gfx950,256,64,34816,5120,cktile,24,0,108.4844,a8w8_blockscale_cktile_128x128x128_2x2x1_16x16x128_intrawave_0x1x0_1,210.33,1687.27,0.0
gfx950,256,64,34816,5120,asm,24,1,54.7912,_ZN5aiter42fp8gemm_bf16_blockscale_BpreShuffle_80x128E,416.44,3340.72,0.0
gfx950,256,64,34816,5120,cktile,25,0,456.7307,a8w8_blockscale_cktile_128x128x128_2x2x1_16x16x128_intrawave_0x1x0_3,49.96,400.77,0.0
gfx950,256,64,34816,5120,asm,25,2,53.0983,_ZN5aiter42fp8gemm_bf16_blockscale_BpreShuffle_80x128E,429.71,3447.23,0.0
gfx950,256,64,34816,5120,cktile,26,0,797.5893,a8w8_blockscale_cktile_128x128x128_2x2x1_16x16x128_intrawave_0x1x0_4,28.61,229.49,0.0
gfx950,256,64,34816,5120,asm,26,3,50.961,_ZN5aiter42fp8gemm_bf16_blockscale_BpreShuffle_80x128E,447.73,3591.81,0.0
gfx950,256,64,34816,5120,cktile,27,0,56.8528,a8w8_blockscale_cktile_192x256x128_4x2x1_16x16x128_intrawave_0x1x0_2,401.33,3219.58,0.0
gfx950,256,64,34816,5120,asm,27,4,54.0567,_ZN5aiter42fp8gemm_bf16_blockscale_BpreShuffle_80x128E,422.09,3386.11,0.0
gfx950,256,64,34816,5120,cktile,28,0,57.0384,a8w8_blockscale_cktile_192x256x128_4x2x1_16x16x128_intrawave_0x1x0_3,400.03,3209.1,0.0
gfx950,256,64,34816,5120,asm,28,5,55.8604,_ZN5aiter42fp8gemm_bf16_blockscale_BpreShuffle_80x128E,408.46,3276.78,0.0001
gfx950,256,64,34816,5120,cktile,29,0,56.8524,a8w8_blockscale_cktile_192x256x128_4x2x1_16x16x128_intrawave_0x1x0_4,401.34,3219.6,0.0
gfx950,256,64,34816,5120,asm,29,6,57.4625,_ZN5aiter42fp8gemm_bf16_blockscale_BpreShuffle_80x128E,397.08,3185.42,0.0002
gfx950,256,64,34816,5120,cktile,30,0,56.9924,a8w8_blockscale_cktile_192x256x128_4x2x1_16x16x128_intrawave_0x1x0_2_aqrm,400.35,3211.69,0.9353
gfx950,256,64,34816,5120,asm,30,7,59.4374,_ZN5aiter42fp8gemm_bf16_blockscale_BpreShuffle_80x128E,383.88,3079.58,0.0004
gfx950,256,64,34816,5120,cktile,31,0,57.0304,a8w8_blockscale_cktile_192x256x128_4x2x1_16x16x128_intrawave_0x1x0_3_aqrm,400.09,3209.55,0.9353
gfx950,256,64,34816,5120,asm,31,8,63.1801,_ZN5aiter42fp8gemm_bf16_blockscale_BpreShuffle_80x128E,361.14,2897.15,0.0009
gfx950,256,64,34816,5120,cktile,32,0,56.9492,a8w8_blockscale_cktile_192x256x128_4x2x1_16x16x128_intrawave_0x1x0_4_aqrm,400.66,3214.13,0.9353
gfx950,256,64,34816,5120,asm,32,1,56.3633,_ZN5aiter42fp8gemm_bf16_blockscale_BpreShuffle_96x128E,404.82,3247.54,0.0
gfx950,256,64,34816,5120,asm,33,2,54.3327,_ZN5aiter42fp8gemm_bf16_blockscale_BpreShuffle_96x128E,419.95,3368.91,0.0
gfx950,256,64,34816,5120,asm,34,3,52.2967,_ZN5aiter42fp8gemm_bf16_blockscale_BpreShuffle_96x128E,436.3,3500.07,0.0
gfx950,256,64,34816,5120,asm,35,4,55.6223,_ZN5aiter42fp8gemm_bf16_blockscale_BpreShuffle_96x128E,410.21,3290.8,0.0
gfx950,256,64,34816,5120,asm,36,5,57.984,_ZN5aiter42fp8gemm_bf16_blockscale_BpreShuffle_96x128E,393.51,3156.77,0.0001
gfx950,256,64,34816,5120,asm,37,6,59.2553,_ZN5aiter42fp8gemm_bf16_blockscale_BpreShuffle_96x128E,385.06,3089.04,0.0002
gfx950,256,64,34816,5120,asm,38,7,61.6867,_ZN5aiter42fp8gemm_bf16_blockscale_BpreShuffle_96x128E,369.89,2967.29,0.0004
gfx950,256,64,34816,5120,asm,39,8,65.3716,_ZN5aiter42fp8gemm_bf16_blockscale_BpreShuffle_96x128E,349.04,2800.02,0.001
gfx950,256,64,34816,5120,asm,40,1,62.4736,_ZN5aiter43fp8gemm_bf16_blockscale_BpreShuffle_128x128E,365.23,2929.91,0.0
gfx950,256,64,34816,5120,asm,41,2,59.0831,_ZN5aiter43fp8gemm_bf16_blockscale_BpreShuffle_128x128E,386.19,3098.04,0.0
gfx950,256,64,34816,5120,asm,42,3,56.8255,_ZN5aiter43fp8gemm_bf16_blockscale_BpreShuffle_128x128E,401.53,3221.13,0.0
gfx950,256,64,34816,5120,asm,43,4,60.5512,_ZN5aiter43fp8gemm_bf16_blockscale_BpreShuffle_128x128E,376.82,3022.93,0.0
gfx950,256,64,34816,5120,asm,44,5,63.538,_ZN5aiter43fp8gemm_bf16_blockscale_BpreShuffle_128x128E,359.11,2880.83,0.0001
gfx950,256,64,34816,5120,asm,45,6,65.1925,_ZN5aiter43fp8gemm_bf16_blockscale_BpreShuffle_128x128E,349.99,2807.72,0.0002
gfx950,256,64,34816,5120,asm,46,7,67.772,_ZN5aiter43fp8gemm_bf16_blockscale_BpreShuffle_128x128E,336.67,2700.85,0.0004
gfx950,256,64,34816,5120,asm,47,8,72.0388,_ZN5aiter43fp8gemm_bf16_blockscale_BpreShuffle_128x128E,316.73,2540.88,0.001
gfx950,256,64,5120,5120,ck,0,0,44.5754,a8w8_blockscale_bpreshuffle_1x128x128_256x128x128x128_16x16_16x16_8x32x1_8x32x1_1x32x1x8_8_2x1_intrawave_v3,75.28,610.14,0.0
gfx950,256,64,5120,5120,cktile,0,0,22.5446,a8w8_blockscale_cktile_16x128x256_1x4x1_16x16x128_intrawave_0x1x0_1,148.84,1206.38,0.0
gfx950,256,64,5120,5120,asm,0,1,20.511,_ZN5aiter42fp8gemm_bf16_blockscale_BpreShuffle_32x128E,163.59,1325.99,0.0
gfx950,256,64,5120,5120,ck,1,0,27.8326,a8w8_blockscale_bpreshuffle_1x128x128_256x64x128x128_16x16_16x16_8x32x1_8x32x1_1x32x1x8_8_2x1_intrawave_v3,120.56,977.18,0.0
gfx950,256,64,5120,5120,cktile,1,0,22.5398,a8w8_blockscale_cktile_16x128x256_1x4x1_16x16x128_intrawave_0x1x0_2,148.87,1206.64,0.0
gfx950,256,64,5120,5120,asm,1,2,17.0894,_ZN5aiter42fp8gemm_bf16_blockscale_BpreShuffle_32x128E,196.35,1591.48,0.0
gfx950,256,64,5120,5120,ck,2,0,22.85,a8w8_blockscale_bpreshuffle_1x128x128_256x64x64x128_16x16_16x16_8x32x1_8x32x1_1x32x1x8_8_2x1_intrawave_v3,146.85,1190.26,0.0
gfx950,256,64,5120,5120,cktile,2,0,24.1178,a8w8_blockscale_cktile_16x128x256_1x4x1_16x16x64_intrawave_0x1x0_1,139.13,1127.69,0.0
gfx950,256,64,5120,5120,asm,2,3,15.1327,_ZN5aiter42fp8gemm_bf16_blockscale_BpreShuffle_32x128E,221.73,1797.26,0.0
gfx950,256,64,5120,5120,ck,3,0,28.3215,a8w8_blockscale_bpreshuffle_1x128x128_256x16x256x128_8x16_16x16_16x16x1_8x32x1_1x16x1x16_8_1x2_intrawave_v1,118.48,960.31,0.0
gfx950,256,64,5120,5120,cktile,3,0,24.4019,a8w8_blockscale_cktile_16x128x256_1x4x1_16x16x64_intrawave_0x1x0_2,137.51,1114.56,0.0
gfx950,256,64,5120,5120,asm,3,4,17.5442,_ZN5aiter42fp8gemm_bf16_blockscale_BpreShuffle_32x128E,191.26,1550.22,0.0001
gfx950,256,64,5120,5120,ck,4,0,19.2263,a8w8_blockscale_bpreshuffle_1x128x128_256x16x128x128_8x16_16x16_16x16x1_8x32x1_1x16x1x16_8_1x2_intrawave_v1,174.52,1414.6,0.0
gfx950,256,64,5120,5120,cktile,4,0,48.8256,a8w8_blockscale_cktile_32x128x128_1x4x1_16x16x128_intrawave_0x1x0_1,68.72,557.03,0.0
gfx950,256,64,5120,5120,asm,4,5,16.9718,_ZN5aiter42fp8gemm_bf16_blockscale_BpreShuffle_32x128E,197.71,1602.51,0.0001
gfx950,256,64,5120,5120,ck,5,0,17.9324,a8w8_blockscale_bpreshuffle_1x128x128_256x16x64x128_8x16_16x16_16x16x1_8x32x1_1x16x1x16_4_1x1_intrawave_v1,187.12,1516.66,0.0
gfx950,256,64,5120,5120,cktile,5,0,48.5675,a8w8_blockscale_cktile_32x128x128_1x4x1_16x16x128_intrawave_0x1x0_2,69.09,559.99,0.0
gfx950,256,64,5120,5120,asm,5,6,16.5435,_ZN5aiter42fp8gemm_bf16_blockscale_BpreShuffle_32x128E,202.83,1644.0,0.0002
gfx950,256,64,5120,5120,ck,6,0,15.7383,a8w8_blockscale_bpreshuffle_1x128x128_256x16x128x256_16x16_16x16_16x16x1_16x16x1_1x16x1x16_8_1x2_intrawave_v1,213.2,1728.11,0.0
gfx950,256,64,5120,5120,cktile,6,0,35.5296,a8w8_blockscale_cktile_32x128x128_1x4x1_16x16x64_intrawave_0x1x0_1,94.44,765.49,0.0
gfx950,256,64,5120,5120,asm,6,7,19.1033,_ZN5aiter42fp8gemm_bf16_blockscale_BpreShuffle_32x128E,175.65,1423.7,0.0004
gfx950,256,64,5120,5120,ck,7,0,16.2032,a8w8_blockscale_bpreshuffle_1x128x128_256x16x64x256_16x16_16x16_16x16x1_16x16x1_1x16x1x16_4_1x1_intrawave_v1,207.09,1678.52,0.0
gfx950,256,64,5120,5120,cktile,7,0,35.793,a8w8_blockscale_cktile_32x128x128_1x4x1_16x16x64_intrawave_0x1x0_2,93.75,759.85,0.0
gfx950,256,64,5120,5120,asm,7,8,18.7786,_ZN5aiter42fp8gemm_bf16_blockscale_BpreShuffle_32x128E,178.68,1448.32,0.0008
gfx950,256,64,5120,5120,ck,8,0,31.9211,a8w8_blockscale_bpreshuffle_1x128x128_256x32x256x128_16x16_16x16_8x32x1_8x32x1_1x32x1x8_8_2x1_intrawave_v1,105.12,852.02,0.0
gfx950,256,64,5120,5120,cktile,8,0,78.4238,a8w8_blockscale_cktile_128x128x128_1x4x1_16x16x128_intrawave_0x1x0_1,42.79,346.8,0.0
gfx950,256,64,5120,5120,asm,8,1,20.9504,_ZN5aiter42fp8gemm_bf16_blockscale_BpreShuffle_48x128E,160.16,1298.18,0.0
gfx950,256,64,5120,5120,ck,9,0,26.3638,a8w8_blockscale_bpreshuffle_1x128x128_256x32x128x128_16x16_16x16_8x32x1_8x32x1_1x32x1x8_8_2x1_intrawave_v1,127.27,1031.62,0.0
gfx950,256,64,5120,5120,cktile,9,0,78.6599,a8w8_blockscale_cktile_128x128x128_1x4x1_16x16x128_intrawave_0x1x0_1,42.66,345.76,0.0
gfx950,256,64,5120,5120,asm,9,2,17.4637,_ZN5aiter42fp8gemm_bf16_blockscale_BpreShuffle_48x128E,192.14,1557.37,0.0
gfx950,256,64,5120,5120,ck,10,0,19.1174,a8w8_blockscale_bpreshuffle_1x128x128_256x32x64x128_16x16_16x16_8x32x1_8x32x1_1x32x1x8_8_2x1_intrawave_v1,175.52,1422.65,0.0
gfx950,256,64,5120,5120,cktile,10,0,87.103,a8w8_blockscale_cktile_128x128x128_2x2x1_16x16x128_intrawave_0x1x0_2,38.52,312.24,0.0
gfx950,256,64,5120,5120,asm,10,3,15.3235,_ZN5aiter42fp8gemm_bf16_blockscale_BpreShuffle_48x128E,218.97,1774.88,0.0
gfx950,256,64,5120,5120,ck,11,0,19.0744,a8w8_blockscale_bpreshuffle_1x128x128_256x32x128x256_16x16_16x16_16x16x1_16x16x1_1x32x1x8_8_2x1_intrawave_v1,175.91,1425.86,0.0
gfx950,256,64,5120,5120,cktile,11,0,49.8511,a8w8_blockscale_cktile_192x256x128_4x2x1_16x16x128_intrawave_0x1x0_1,67.31,545.57,0.0
gfx950,256,64,5120,5120,asm,11,4,18.2559,_ZN5aiter42fp8gemm_bf16_blockscale_BpreShuffle_48x128E,183.8,1489.79,0.0001
gfx950,256,64,5120,5120,ck,12,0,13.9304,a8w8_blockscale_bpreshuffle_1x128x128_256x32x64x256_16x16_16x16_16x16x1_16x16x1_1x32x1x8_8_2x1_intrawave_v1,240.87,1952.38,0.0
gfx950,256,64,5120,5120,cktile,12,0,49.8683,a8w8_blockscale_cktile_192x256x128_4x2x1_16x16x128_intrawave_0x1x0_1_aqrm,67.29,545.39,0.9323
gfx950,256,64,5120,5120,asm,12,5,17.9542,_ZN5aiter42fp8gemm_bf16_blockscale_BpreShuffle_48x128E,186.89,1514.82,0.0001
gfx950,256,64,5120,5120,ck,13,0,43.3527,a8w8_blockscale_bpreshuffle_1x128x128_256x64x256x128_16x16_16x16_8x32x1_8x32x1_1x32x1x8_8_2x1_intrawave_v1,77.4,627.35,0.0
gfx950,256,64,5120,5120,cktile,13,0,22.5289,a8w8_blockscale_cktile_16x128x256_1x4x1_16x16x128_intrawave_0x1x0_3,148.94,1207.22,0.0
gfx950,256,64,5120,5120,asm,13,6,17.5242,_ZN5aiter42fp8gemm_bf16_blockscale_BpreShuffle_48x128E,191.47,1551.99,0.0002
gfx950,256,64,5120,5120,ck,14,0,30.046,a8w8_blockscale_bpreshuffle_1x128x128_256x64x128x128_16x16_16x16_8x32x1_8x32x1_1x32x1x8_8_2x1_intrawave_v1,111.68,905.19,0.0
gfx950,256,64,5120,5120,cktile,14,0,32.4995,a8w8_blockscale_cktile_16x128x256_1x4x1_16x16x128_intrawave_0x1x0_4,103.25,836.86,0.0
gfx950,256,64,5120,5120,asm,14,7,19.9457,_ZN5aiter42fp8gemm_bf16_blockscale_BpreShuffle_48x128E,168.23,1363.57,0.0005
gfx950,256,64,5120,5120,ck,15,0,22.5428,a8w8_blockscale_bpreshuffle_1x128x128_256x64x64x128_16x16_16x16_8x32x1_8x32x1_1x32x1x8_8_2x1_intrawave_v1,148.85,1206.48,0.0
gfx950,256,64,5120,5120,cktile,15,0,24.3726,a8w8_blockscale_cktile_16x128x256_1x4x1_16x16x64_intrawave_0x1x0_3,137.67,1115.9,0.0
gfx950,256,64,5120,5120,asm,15,8,19.721,_ZN5aiter42fp8gemm_bf16_blockscale_BpreShuffle_48x128E,170.15,1379.11,0.0008
gfx950,256,64,5120,5120,ck,16,0,27.2667,a8w8_blockscale_bpreshuffle_1x128x128_256x64x128x256_16x16_16x16_16x16x1_16x16x1_1x32x1x8_8_2x1_intrawave_v1,123.06,997.46,0.0
gfx950,256,64,5120,5120,cktile,16,0,24.3523,a8w8_blockscale_cktile_16x128x256_1x4x1_16x16x64_intrawave_0x1x0_4,137.79,1116.83,0.0
gfx950,256,64,5120,5120,asm,16,1,23.1521,_ZN5aiter42fp8gemm_bf16_blockscale_BpreShuffle_64x128E,144.93,1174.73,0.0
gfx950,256,64,5120,5120,ck,17,0,18.1174,a8w8_blockscale_bpreshuffle_1x128x128_256x64x64x256_16x16_16x16_16x16x1_16x16x1_1x32x1x8_8_2x1_intrawave_v1,185.21,1501.18,0.0
gfx950,256,64,5120,5120,cktile,17,0,48.6896,a8w8_blockscale_cktile_32x128x128_1x4x1_16x16x128_intrawave_0x1x0_3,68.91,558.59,0.0
gfx950,256,64,5120,5120,asm,17,2,18.8571,_ZN5aiter42fp8gemm_bf16_blockscale_BpreShuffle_64x128E,177.94,1442.29,0.0
gfx950,256,64,5120,5120,cktile,18,0,48.5387,a8w8_blockscale_cktile_32x128x128_1x4x1_16x16x128_intrawave_0x1x0_4,69.13,560.32,0.0
gfx950,256,64,5120,5120,asm,18,3,16.4231,_ZN5aiter42fp8gemm_bf16_blockscale_BpreShuffle_64x128E,204.31,1656.05,0.0
gfx950,256,64,5120,5120,cktile,19,0,35.7332,a8w8_blockscale_cktile_32x128x128_1x4x1_16x16x64_intrawave_0x1x0_3,93.9,761.13,0.0
gfx950,256,64,5120,5120,asm,19,4,14.9441,_ZN5aiter42fp8gemm_bf16_blockscale_BpreShuffle_64x128E,224.53,1819.94,0.0
gfx950,256,64,5120,5120,cktile,20,0,35.7722,a8w8_blockscale_cktile_32x128x128_1x4x1_16x16x64_intrawave_0x1x0_4,93.8,760.3,0.0
gfx950,256,64,5120,5120,asm,20,5,14.8491,_ZN5aiter42fp8gemm_bf16_blockscale_BpreShuffle_64x128E,225.97,1831.59,0.0001
gfx950,256,64,5120,5120,cktile,21,0,72.7351,a8w8_blockscale_cktile_128x128x128_1x4x1_16x16x128_intrawave_0x1x0_2,46.13,373.92,0.0
gfx950,256,64,5120,5120,asm,21,6,14.3408,_ZN5aiter42fp8gemm_bf16_blockscale_BpreShuffle_64x128E,233.98,1896.51,0.0001
gfx950,256,64,5120,5120,cktile,22,0,261.5516,a8w8_blockscale_cktile_128x128x128_1x4x1_16x16x128_intrawave_0x1x0_3,12.83,103.98,0.0
gfx950,256,64,5120,5120,asm,22,7,18.0825,_ZN5aiter42fp8gemm_bf16_blockscale_BpreShuffle_64x128E,185.56,1504.08,0.0004
gfx950,256,64,5120,5120,cktile,23,0,363.3993,a8w8_blockscale_cktile_128x128x128_1x4x1_16x16x128_intrawave_0x1x0_4,9.23,74.84,0.0
gfx950,256,64,5120,5120,asm,23,8,18.8424,_ZN5aiter42fp8gemm_bf16_blockscale_BpreShuffle_64x128E,178.08,1443.42,0.0008
gfx950,256,64,5120,5120,cktile,24,0,88.5887,a8w8_blockscale_cktile_128x128x128_2x2x1_16x16x128_intrawave_0x1x0_1,37.88,307.01,0.0
gfx950,256,64,5120,5120,asm,24,1,23.3304,_ZN5aiter42fp8gemm_bf16_blockscale_BpreShuffle_80x128E,143.82,1165.75,0.0
gfx950,256,64,5120,5120,cktile,25,0,251.1893,a8w8_blockscale_cktile_128x128x128_2x2x1_16x16x128_intrawave_0x1x0_3,13.36,108.27,0.0
gfx950,256,64,5120,5120,asm,25,2,19.1906,_ZN5aiter42fp8gemm_bf16_blockscale_BpreShuffle_80x128E,174.85,1417.23,0.0
gfx950,256,64,5120,5120,cktile,26,0,392.3015,a8w8_blockscale_cktile_128x128x128_2x2x1_16x16x128_intrawave_0x1x0_4,8.55,69.33,0.0
gfx950,256,64,5120,5120,asm,26,3,16.7234,_ZN5aiter42fp8gemm_bf16_blockscale_BpreShuffle_80x128E,200.64,1626.31,0.0
gfx950,256,64,5120,5120,cktile,27,0,49.76,a8w8_blockscale_cktile_192x256x128_4x2x1_16x16x128_intrawave_0x1x0_2,67.43,546.57,0.0
gfx950,256,64,5120,5120,asm,27,4,14.6534,_ZN5aiter42fp8gemm_bf16_blockscale_BpreShuffle_80x128E,228.99,1856.05,0.0001
gfx950,256,64,5120,5120,cktile,28,0,49.7358,a8w8_blockscale_cktile_192x256x128_4x2x1_16x16x128_intrawave_0x1x0_3,67.47,546.84,0.0
gfx950,256,64,5120,5120,asm,28,5,14.8074,_ZN5aiter42fp8gemm_bf16_blockscale_BpreShuffle_80x128E,226.61,1836.75,0.0001
gfx950,256,64,5120,5120,cktile,29,0,49.7937,a8w8_blockscale_cktile_192x256x128_4x2x1_16x16x128_intrawave_0x1x0_4,67.39,546.2,0.0
gfx950,256,64,5120,5120,asm,29,6,14.5905,_ZN5aiter42fp8gemm_bf16_blockscale_BpreShuffle_80x128E,229.97,1864.05,0.0002
gfx950,256,64,5120,5120,cktile,30,0,49.8578,a8w8_blockscale_cktile_192x256x128_4x2x1_16x16x128_intrawave_0x1x0_2_aqrm,67.3,545.5,0.9323
gfx950,256,64,5120,5120,asm,30,7,18.4437,_ZN5aiter42fp8gemm_bf16_blockscale_BpreShuffle_80x128E,181.93,1474.62,0.0004
gfx950,256,64,5120,5120,cktile,31,0,49.9693,a8w8_blockscale_cktile_192x256x128_4x2x1_16x16x128_intrawave_0x1x0_3_aqrm,67.15,544.28,0.9323
gfx950,256,64,5120,5120,asm,31,8,19.108,_ZN5aiter42fp8gemm_bf16_blockscale_BpreShuffle_80x128E,175.6,1423.35,0.0008
gfx950,256,64,5120,5120,cktile,32,0,49.9437,a8w8_blockscale_cktile_192x256x128_4x2x1_16x16x128_intrawave_0x1x0_4_aqrm,67.18,544.56,0.9323
gfx950,256,64,5120,5120,asm,32,1,26.2327,_ZN5aiter42fp8gemm_bf16_blockscale_BpreShuffle_96x128E,127.91,1036.78,0.0
gfx950,256,64,5120,5120,asm,33,2,19.8456,_ZN5aiter42fp8gemm_bf16_blockscale_BpreShuffle_96x128E,169.08,1370.45,0.0
gfx950,256,64,5120,5120,asm,34,3,17.173,_ZN5aiter42fp8gemm_bf16_blockscale_BpreShuffle_96x128E,195.39,1583.73,0.0
gfx950,256,64,5120,5120,asm,35,4,15.6877,_ZN5aiter42fp8gemm_bf16_blockscale_BpreShuffle_96x128E,213.89,1733.68,0.0001
gfx950,256,64,5120,5120,asm,36,5,15.3529,_ZN5aiter42fp8gemm_bf16_blockscale_BpreShuffle_96x128E,218.55,1771.49,0.0001
gfx950,256,64,5120,5120,asm,37,6,15.0404,_ZN5aiter42fp8gemm_bf16_blockscale_BpreShuffle_96x128E,223.1,1808.29,0.0002
gfx950,256,64,5120,5120,asm,38,7,19.2757,_ZN5aiter42fp8gemm_bf16_blockscale_BpreShuffle_96x128E,174.08,1410.97,0.0004
gfx950,256,64,5120,5120,asm,39,8,19.7176,_ZN5aiter42fp8gemm_bf16_blockscale_BpreShuffle_96x128E,170.18,1379.35,0.0008
gfx950,256,64,5120,5120,asm,40,1,29.1052,_ZN5aiter43fp8gemm_bf16_blockscale_BpreShuffle_128x128E,115.29,934.45,0.0
gfx950,256,64,5120,5120,asm,41,2,22.3747,_ZN5aiter43fp8gemm_bf16_blockscale_BpreShuffle_128x128E,149.97,1215.54,0.0
gfx950,256,64,5120,5120,asm,42,3,18.8123,_ZN5aiter43fp8gemm_bf16_blockscale_BpreShuffle_128x128E,178.36,1445.73,0.0
gfx950,256,64,5120,5120,asm,43,4,17.0995,_ZN5aiter43fp8gemm_bf16_blockscale_BpreShuffle_128x128E,196.23,1590.54,0.0
gfx950,256,64,5120,5120,asm,44,5,16.3532,_ZN5aiter43fp8gemm_bf16_blockscale_BpreShuffle_128x128E,205.19,1663.13,0.0001
gfx950,256,64,5120,5120,asm,45,6,15.9788,_ZN5aiter43fp8gemm_bf16_blockscale_BpreShuffle_128x128E,209.99,1702.1,0.0002
gfx950,256,64,5120,5120,asm,46,7,20.5332,_ZN5aiter43fp8gemm_bf16_blockscale_BpreShuffle_128x128E,163.42,1324.56,0.0004
gfx950,256,64,5120,5120,asm,47,8,21.2247,_ZN5aiter43fp8gemm_bf16_blockscale_BpreShuffle_128x128E,158.09,1281.41,0.0008
gfx950,256,64,5120,17408,ck,0,0,136.7392,a8w8_blockscale_bpreshuffle_1x128x128_256x128x128x128_16x16_16x16_8x32x1_8x32x1_1x32x1x8_8_2x1_intrawave_v3,83.43,664.76,0.0
gfx950,256,64,5120,17408,cktile,0,0,58.9995,a8w8_blockscale_cktile_16x128x256_1x4x1_16x16x128_intrawave_0x1x0_1,193.37,1540.66,0.0
gfx950,256,64,5120,17408,asm,0,1,59.035,_ZN5aiter42fp8gemm_bf16_blockscale_BpreShuffle_32x128E,193.25,1539.74,0.0
gfx950,256,64,5120,17408,ck,1,0,84.2517,a8w8_blockscale_bpreshuffle_1x128x128_256x64x128x128_16x16_16x16_8x32x1_8x32x1_1x32x1x8_8_2x1_intrawave_v3,135.41,1078.89,0.0
gfx950,256,64,5120,17408,cktile,1,0,59.2428,a8w8_blockscale_cktile_16x128x256_1x4x1_16x16x128_intrawave_0x1x0_2,192.57,1534.34,0.0
gfx950,256,64,5120,17408,asm,1,2,38.0188,_ZN5aiter42fp8gemm_bf16_blockscale_BpreShuffle_32x128E,300.08,2390.88,0.0
gfx950,256,64,5120,17408,ck,2,0,68.9332,a8w8_blockscale_bpreshuffle_1x128x128_256x64x64x128_16x16_16x16_8x32x1_8x32x1_1x32x1x8_8_2x1_intrawave_v3,165.5,1318.65,0.0
gfx950,256,64,5120,17408,cktile,2,0,64.0479,a8w8_blockscale_cktile_16x128x256_1x4x1_16x16x64_intrawave_0x1x0_1,178.12,1419.23,0.0
gfx950,256,64,5120,17408,asm,2,3,30.2405,_ZN5aiter42fp8gemm_bf16_blockscale_BpreShuffle_32x128E,377.26,3005.85,0.0017
gfx950,256,64,5120,17408,ck,3,0,88.4689,a8w8_blockscale_bpreshuffle_1x128x128_256x16x256x128_8x16_16x16_16x16x1_8x32x1_1x16x1x16_8_1x2_intrawave_v1,128.95,1027.46,0.0
gfx950,256,64,5120,17408,cktile,3,0,65.6585,a8w8_blockscale_cktile_16x128x256_1x4x1_16x16x64_intrawave_0x1x0_2,173.76,1384.41,0.0
gfx950,256,64,5120,17408,asm,3,4,37.1269,_ZN5aiter42fp8gemm_bf16_blockscale_BpreShuffle_32x128E,307.28,2448.32,0.0075
gfx950,256,64,5120,17408,ck,4,0,58.7243,a8w8_blockscale_bpreshuffle_1x128x128_256x16x128x128_8x16_16x16_16x16x1_8x32x1_1x16x1x16_8_1x2_intrawave_v1,194.27,1547.88,0.0
gfx950,256,64,5120,17408,cktile,4,0,149.72,a8w8_blockscale_cktile_32x128x128_1x4x1_16x16x128_intrawave_0x1x0_1,76.2,607.12,0.0
gfx950,256,64,5120,17408,asm,4,5,34.3076,_ZN5aiter42fp8gemm_bf16_blockscale_BpreShuffle_32x128E,332.54,2649.51,0.0145
gfx950,256,64,5120,17408,ck,5,0,52.8206,a8w8_blockscale_bpreshuffle_1x128x128_256x16x64x128_8x16_16x16_16x16x1_8x32x1_1x16x1x16_4_1x1_intrawave_v1,215.99,1720.89,0.0
gfx950,256,64,5120,17408,cktile,5,0,150.8135,a8w8_blockscale_cktile_32x128x128_1x4x1_16x16x128_intrawave_0x1x0_2,75.65,602.72,0.0
gfx950,256,64,5120,17408,asm,5,6,35.8237,_ZN5aiter42fp8gemm_bf16_blockscale_BpreShuffle_32x128E,318.46,2537.38,0.0137
gfx950,256,64,5120,17408,ck,6,0,46.0907,a8w8_blockscale_bpreshuffle_1x128x128_256x16x128x256_16x16_16x16_16x16x1_16x16x1_1x16x1x16_8_1x2_intrawave_v1,247.52,1972.16,0.0
gfx950,256,64,5120,17408,cktile,6,0,103.0434,a8w8_blockscale_cktile_32x128x128_1x4x1_16x16x64_intrawave_0x1x0_1,110.72,882.14,0.0
gfx950,256,64,5120,17408,asm,6,7,41.0201,_ZN5aiter42fp8gemm_bf16_blockscale_BpreShuffle_32x128E,278.12,2215.95,0.0147
gfx950,256,64,5120,17408,ck,7,0,47.79,a8w8_blockscale_bpreshuffle_1x128x128_256x16x64x256_16x16_16x16_16x16x1_16x16x1_1x16x1x16_4_1x1_intrawave_v1,238.72,1902.04,0.0
gfx950,256,64,5120,17408,cktile,7,0,103.2915,a8w8_blockscale_cktile_32x128x128_1x4x1_16x16x64_intrawave_0x1x0_2,110.45,880.02,0.0
gfx950,256,64,5120,17408,asm,7,8,38.9876,_ZN5aiter42fp8gemm_bf16_blockscale_BpreShuffle_32x128E,292.62,2331.47,0.0245
gfx950,256,64,5120,17408,ck,8,0,96.8237,a8w8_blockscale_bpreshuffle_1x128x128_256x32x256x128_16x16_16x16_8x32x1_8x32x1_1x32x1x8_8_2x1_intrawave_v1,117.83,938.8,0.0
gfx950,256,64,5120,17408,cktile,8,0,248.8602,a8w8_blockscale_cktile_128x128x128_1x4x1_16x16x128_intrawave_0x1x0_1,45.84,365.26,0.0
gfx950,256,64,5120,17408,asm,8,1,60.2767,_ZN5aiter42fp8gemm_bf16_blockscale_BpreShuffle_48x128E,189.27,1508.02,0.0
gfx950,256,64,5120,17408,ck,9,0,82.9457,a8w8_blockscale_bpreshuffle_1x128x128_256x32x128x128_16x16_16x16_8x32x1_8x32x1_1x32x1x8_8_2x1_intrawave_v1,137.54,1095.88,0.0
gfx950,256,64,5120,17408,cktile,9,0,249.0127,a8w8_blockscale_cktile_128x128x128_1x4x1_16x16x128_intrawave_0x1x0_1,45.81,365.04,0.0
gfx950,256,64,5120,17408,asm,9,2,38.3604,_ZN5aiter42fp8gemm_bf16_blockscale_BpreShuffle_48x128E,297.4,2369.59,0.0
gfx950,256,64,5120,17408,ck,10,0,56.583,a8w8_blockscale_bpreshuffle_1x128x128_256x32x64x128_16x16_16x16_8x32x1_8x32x1_1x32x1x8_8_2x1_intrawave_v1,201.62,1606.46,0.0
gfx950,256,64,5120,17408,cktile,10,0,282.8722,a8w8_blockscale_cktile_128x128x128_2x2x1_16x16x128_intrawave_0x1x0_2,40.33,321.34,0.0
gfx950,256,64,5120,17408,asm,10,3,30.7232,_ZN5aiter42fp8gemm_bf16_blockscale_BpreShuffle_48x128E,371.33,2958.63,0.0016
gfx950,256,64,5120,17408,ck,11,0,55.2821,a8w8_blockscale_bpreshuffle_1x128x128_256x32x128x256_16x16_16x16_16x16x1_16x16x1_1x32x1x8_8_2x1_intrawave_v1,206.37,1644.27,0.0
gfx950,256,64,5120,17408,cktile,11,0,154.7574,a8w8_blockscale_cktile_192x256x128_4x2x1_16x16x128_intrawave_0x1x0_1,73.72,587.36,0.0
gfx950,256,64,5120,17408,asm,11,4,36.8727,_ZN5aiter42fp8gemm_bf16_blockscale_BpreShuffle_48x128E,309.4,2465.2,0.0082
gfx950,256,64,5120,17408,ck,12,0,39.4571,a8w8_blockscale_bpreshuffle_1x128x128_256x32x64x256_16x16_16x16_16x16x1_16x16x1_1x32x1x8_8_2x1_intrawave_v1,289.14,2303.73,0.0
gfx950,256,64,5120,17408,cktile,12,0,155.0847,a8w8_blockscale_cktile_192x256x128_4x2x1_16x16x128_intrawave_0x1x0_1_aqrm,73.56,586.12,0.8995
gfx950,256,64,5120,17408,asm,12,5,35.6897,_ZN5aiter42fp8gemm_bf16_blockscale_BpreShuffle_48x128E,319.66,2546.91,0.0148
gfx950,256,64,5120,17408,ck,13,0,129.9165,a8w8_blockscale_bpreshuffle_1x128x128_256x64x256x128_16x16_16x16_8x32x1_8x32x1_1x32x1x8_8_2x1_intrawave_v1,87.81,699.67,0.0
gfx950,256,64,5120,17408,cktile,13,0,59.2322,a8w8_blockscale_cktile_16x128x256_1x4x1_16x16x128_intrawave_0x1x0_3,192.61,1534.61,0.0
gfx950,256,64,5120,17408,asm,13,6,35.5617,_ZN5aiter42fp8gemm_bf16_blockscale_BpreShuffle_48x128E,320.81,2556.08,0.0137
gfx950,256,64,5120,17408,ck,14,0,90.8739,a8w8_blockscale_bpreshuffle_1x128x128_256x64x128x128_16x16_16x16_8x32x1_8x32x1_1x32x1x8_8_2x1_intrawave_v1,125.54,1000.27,0.0
gfx950,256,64,5120,17408,cktile,14,0,90.5968,a8w8_blockscale_cktile_16x128x256_1x4x1_16x16x128_intrawave_0x1x0_4,125.93,1003.33,0.0
gfx950,256,64,5120,17408,asm,14,7,41.73,_ZN5aiter42fp8gemm_bf16_blockscale_BpreShuffle_48x128E,273.39,2178.25,0.0155
gfx950,256,64,5120,17408,ck,15,0,68.0514,a8w8_blockscale_bpreshuffle_1x128x128_256x64x64x128_16x16_16x16_8x32x1_8x32x1_1x32x1x8_8_2x1_intrawave_v1,167.65,1335.73,0.0
gfx950,256,64,5120,17408,cktile,15,0,65.3406,a8w8_blockscale_cktile_16x128x256_1x4x1_16x16x64_intrawave_0x1x0_3,174.6,1391.15,0.0
gfx950,256,64,5120,17408,asm,15,8,39.6112,_ZN5aiter42fp8gemm_bf16_blockscale_BpreShuffle_48x128E,288.01,2294.77,0.0241
gfx950,256,64,5120,17408,ck,16,0,80.5952,a8w8_blockscale_bpreshuffle_1x128x128_256x64x128x256_16x16_16x16_16x16x1_16x16x1_1x32x1x8_8_2x1_intrawave_v1,141.55,1127.84,0.0
gfx950,256,64,5120,17408,cktile,16,0,65.3933,a8w8_blockscale_cktile_16x128x256_1x4x1_16x16x64_intrawave_0x1x0_4,174.46,1390.03,0.0
gfx950,256,64,5120,17408,asm,16,1,65.8506,_ZN5aiter42fp8gemm_bf16_blockscale_BpreShuffle_64x128E,173.25,1380.37,0.0
gfx950,256,64,5120,17408,ck,17,0,51.6495,a8w8_blockscale_bpreshuffle_1x128x128_256x64x64x256_16x16_16x16_16x16x1_16x16x1_1x32x1x8_8_2x1_intrawave_v1,220.88,1759.91,0.0
gfx950,256,64,5120,17408,cktile,17,0,150.1243,a8w8_blockscale_cktile_32x128x128_1x4x1_16x16x128_intrawave_0x1x0_3,75.99,605.49,0.0
gfx950,256,64,5120,17408,asm,17,2,41.7626,_ZN5aiter42fp8gemm_bf16_blockscale_BpreShuffle_64x128E,273.18,2176.55,0.0
gfx950,256,64,5120,17408,cktile,18,0,149.783,a8w8_blockscale_cktile_32x128x128_1x4x1_16x16x128_intrawave_0x1x0_4,76.17,606.87,0.0
gfx950,256,64,5120,17408,asm,18,3,32.6651,_ZN5aiter42fp8gemm_bf16_blockscale_BpreShuffle_64x128E,349.26,2782.74,0.0015
gfx950,256,64,5120,17408,cktile,19,0,102.8084,a8w8_blockscale_cktile_32x128x128_1x4x1_16x16x64_intrawave_0x1x0_3,110.97,884.15,0.0
gfx950,256,64,5120,17408,asm,19,4,28.4399,_ZN5aiter42fp8gemm_bf16_blockscale_BpreShuffle_64x128E,401.14,3196.16,0.0085
gfx950,256,64,5120,17408,cktile,20,0,102.8635,a8w8_blockscale_cktile_32x128x128_1x4x1_16x16x64_intrawave_0x1x0_4,110.91,883.68,0.0
gfx950,256,64,5120,17408,asm,20,5,25.6268,_ZN5aiter42fp8gemm_bf16_blockscale_BpreShuffle_64x128E,445.18,3547.01,0.0145
gfx950,256,64,5120,17408,cktile,21,0,225.572,a8w8_blockscale_cktile_128x128x128_1x4x1_16x16x128_intrawave_0x1x0_2,50.58,402.97,0.0
gfx950,256,64,5120,17408,asm,21,6,24.1118,_ZN5aiter42fp8gemm_bf16_blockscale_BpreShuffle_64x128E,473.15,3769.87,0.0137
gfx950,256,64,5120,17408,cktile,22,0,885.3433,a8w8_blockscale_cktile_128x128x128_1x4x1_16x16x128_intrawave_0x1x0_3,12.89,102.67,0.0
gfx950,256,64,5120,17408,asm,22,7,32.7295,_ZN5aiter42fp8gemm_bf16_blockscale_BpreShuffle_64x128E,348.57,2777.26,0.0163
gfx950,256,64,5120,17408,cktile,23,0,1213.385,a8w8_blockscale_cktile_128x128x128_1x4x1_16x16x128_intrawave_0x1x0_4,9.4,74.91,0.0
gfx950,256,64,5120,17408,asm,23,8,32.5338,_ZN5aiter42fp8gemm_bf16_blockscale_BpreShuffle_64x128E,350.67,2793.97,0.0243
gfx950,256,64,5120,17408,cktile,24,0,286.822,a8w8_blockscale_cktile_128x128x128_2x2x1_16x16x128_intrawave_0x1x0_1,39.78,316.92,0.0
gfx950,256,64,5120,17408,asm,24,1,67.8763,_ZN5aiter42fp8gemm_bf16_blockscale_BpreShuffle_80x128E,168.08,1339.18,0.0
gfx950,256,64,5120,17408,cktile,25,0,847.3328,a8w8_blockscale_cktile_128x128x128_2x2x1_16x16x128_intrawave_0x1x0_3,13.46,107.28,0.0
gfx950,256,64,5120,17408,asm,25,2,42.4434,_ZN5aiter42fp8gemm_bf16_blockscale_BpreShuffle_80x128E,268.79,2141.64,0.0
gfx950,256,64,5120,17408,cktile,26,0,1303.4099,a8w8_blockscale_cktile_128x128x128_2x2x1_16x16x128_intrawave_0x1x0_4,8.75,69.74,0.0
gfx950,256,64,5120,17408,asm,26,3,33.0905,_ZN5aiter42fp8gemm_bf16_blockscale_BpreShuffle_80x128E,344.77,2746.96,0.0017
gfx950,256,64,5120,17408,cktile,27,0,154.8856,a8w8_blockscale_cktile_192x256x128_4x2x1_16x16x128_intrawave_0x1x0_2,73.66,586.87,0.0
gfx950,256,64,5120,17408,asm,27,4,28.7866,_ZN5aiter42fp8gemm_bf16_blockscale_BpreShuffle_80x128E,396.31,3157.66,0.008
gfx950,256,64,5120,17408,cktile,28,0,155.1903,a8w8_blockscale_cktile_192x256x128_4x2x1_16x16x128_intrawave_0x1x0_3,73.51,585.72,0.0
gfx950,256,64,5120,17408,asm,28,5,25.8461,_ZN5aiter42fp8gemm_bf16_blockscale_BpreShuffle_80x128E,441.4,3516.91,0.0149
gfx950,256,64,5120,17408,cktile,29,0,155.3602,a8w8_blockscale_cktile_192x256x128_4x2x1_16x16x128_intrawave_0x1x0_4,73.43,585.08,0.0
gfx950,256,64,5120,17408,asm,29,6,23.6659,_ZN5aiter42fp8gemm_bf16_blockscale_BpreShuffle_80x128E,482.07,3840.9,0.014
gfx950,256,64,5120,17408,cktile,30,0,155.3953,a8w8_blockscale_cktile_192x256x128_4x2x1_16x16x128_intrawave_0x1x0_2_aqrm,73.42,584.95,0.8995
gfx950,256,64,5120,17408,asm,30,7,33.2524,_ZN5aiter42fp8gemm_bf16_blockscale_BpreShuffle_80x128E,343.09,2733.59,0.016
gfx950,256,64,5120,17408,cktile,31,0,154.7815,a8w8_blockscale_cktile_192x256x128_4x2x1_16x16x128_intrawave_0x1x0_3_aqrm,73.71,587.27,0.8995
gfx950,256,64,5120,17408,asm,31,8,33.1406,_ZN5aiter42fp8gemm_bf16_blockscale_BpreShuffle_80x128E,344.25,2742.81,0.0247
gfx950,256,64,5120,17408,cktile,32,0,154.9444,a8w8_blockscale_cktile_192x256x128_4x2x1_16x16x128_intrawave_0x1x0_4_aqrm,73.63,586.65,0.8995
gfx950,256,64,5120,17408,asm,32,1,71.0431,_ZN5aiter42fp8gemm_bf16_blockscale_BpreShuffle_96x128E,160.59,1279.48,0.0
gfx950,256,64,5120,17408,asm,33,2,43.6133,_ZN5aiter42fp8gemm_bf16_blockscale_BpreShuffle_96x128E,261.58,2084.19,0.0
gfx950,256,64,5120,17408,asm,34,3,34.1542,_ZN5aiter42fp8gemm_bf16_blockscale_BpreShuffle_96x128E,334.03,2661.41,0.0016
gfx950,256,64,5120,17408,asm,35,4,29.7945,_ZN5aiter42fp8gemm_bf16_blockscale_BpreShuffle_96x128E,382.91,3050.85,0.0072
gfx950,256,64,5120,17408,asm,36,5,26.0378,_ZN5aiter42fp8gemm_bf16_blockscale_BpreShuffle_96x128E,438.15,3491.02,0.0152
gfx950,256,64,5120,17408,asm,37,6,23.4588,_ZN5aiter42fp8gemm_bf16_blockscale_BpreShuffle_96x128E,486.32,3874.81,0.0135
gfx950,256,64,5120,17408,asm,38,7,34.3093,_ZN5aiter42fp8gemm_bf16_blockscale_BpreShuffle_96x128E,332.52,2649.38,0.0157
gfx950,256,64,5120,17408,asm,39,8,33.8696,_ZN5aiter42fp8gemm_bf16_blockscale_BpreShuffle_96x128E,336.84,2683.78,0.0241
gfx950,256,64,5120,17408,asm,40,1,84.9182,_ZN5aiter43fp8gemm_bf16_blockscale_BpreShuffle_128x128E,134.35,1070.42,0.0
gfx950,256,64,5120,17408,asm,41,2,50.2145,_ZN5aiter43fp8gemm_bf16_blockscale_BpreShuffle_128x128E,227.2,1810.2,0.0
gfx950,256,64,5120,17408,asm,42,3,38.1896,_ZN5aiter43fp8gemm_bf16_blockscale_BpreShuffle_128x128E,298.73,2380.19,0.0017
gfx950,256,64,5120,17408,asm,43,4,31.8504,_ZN5aiter43fp8gemm_bf16_blockscale_BpreShuffle_128x128E,358.19,2853.92,0.0081
gfx950,256,64,5120,17408,asm,44,5,30.1304,_ZN5aiter43fp8gemm_bf16_blockscale_BpreShuffle_128x128E,378.64,3016.83,0.0146
gfx950,256,64,5120,17408,asm,45,6,26.1931,_ZN5aiter43fp8gemm_bf16_blockscale_BpreShuffle_128x128E,435.55,3470.32,0.0137
gfx950,256,64,5120,17408,asm,46,7,37.727,_ZN5aiter43fp8gemm_bf16_blockscale_BpreShuffle_128x128E,302.4,2409.37,0.0155
gfx950,256,64,5120,17408,asm,47,8,37.2834,_ZN5aiter43fp8gemm_bf16_blockscale_BpreShuffle_128x128E,305.99,2438.04,0.024
gfx950,256,64,7168,5120,ck,0,0,44.623,a8w8_blockscale_bpreshuffle_1x128x128_256x128x128x128_16x16_16x16_8x32x1_8x32x1_1x32x1x8_8_2x1_intrawave_v3,105.27,850.35,0.0
gfx950,256,64,7168,5120,cktile,0,0,23.1365,a8w8_blockscale_cktile_16x128x256_1x4x1_16x16x128_intrawave_0x1x0_1,203.04,1640.06,0.0
gfx950,256,64,7168,5120,asm,0,1,20.8061,_ZN5aiter42fp8gemm_bf16_blockscale_BpreShuffle_32x128E,225.78,1823.76,0.0
gfx950,256,64,7168,5120,ck,1,0,28.2097,a8w8_blockscale_bpreshuffle_1x128x128_256x64x128x128_16x16_16x16_8x32x1_8x32x1_1x32x1x8_8_2x1_intrawave_v3,166.53,1345.12,0.0
gfx950,256,64,7168,5120,cktile,1,0,23.1995,a8w8_blockscale_cktile_16x128x256_1x4x1_16x16x128_intrawave_0x1x0_2,202.49,1635.61,0.0
gfx950,256,64,7168,5120,asm,1,2,18.3857,_ZN5aiter42fp8gemm_bf16_blockscale_BpreShuffle_32x128E,255.5,2063.85,0.0
gfx950,256,64,7168,5120,ck,2,0,23.1658,a8w8_blockscale_bpreshuffle_1x128x128_256x64x64x128_16x16_16x16_8x32x1_8x32x1_1x32x1x8_8_2x1_intrawave_v3,202.78,1637.99,0.0
gfx950,256,64,7168,5120,cktile,2,0,24.6954,a8w8_blockscale_cktile_16x128x256_1x4x1_16x16x64_intrawave_0x1x0_1,190.22,1536.53,0.0
gfx950,256,64,7168,5120,asm,2,3,20.0721,_ZN5aiter42fp8gemm_bf16_blockscale_BpreShuffle_32x128E,234.04,1890.45,0.0
gfx950,256,64,7168,5120,ck,3,0,28.7615,a8w8_blockscale_bpreshuffle_1x128x128_256x16x256x128_8x16_16x16_16x16x1_8x32x1_1x16x1x16_8_1x2_intrawave_v1,163.33,1319.31,0.0
gfx950,256,64,7168,5120,cktile,3,0,25.0073,a8w8_blockscale_cktile_16x128x256_1x4x1_16x16x64_intrawave_0x1x0_2,187.85,1517.37,0.0
gfx950,256,64,7168,5120,asm,3,4,19.3535,_ZN5aiter42fp8gemm_bf16_blockscale_BpreShuffle_32x128E,242.73,1960.65,0.0001
gfx950,256,64,7168,5120,ck,4,0,19.5218,a8w8_blockscale_bpreshuffle_1x128x128_256x16x128x128_8x16_16x16_16x16x1_8x32x1_1x16x1x16_8_1x2_intrawave_v1,240.63,1943.74,0.0
gfx950,256,64,7168,5120,cktile,4,0,48.8336,a8w8_blockscale_cktile_32x128x128_1x4x1_16x16x128_intrawave_0x1x0_1,96.2,777.03,0.0
gfx950,256,64,7168,5120,asm,4,5,23.0039,_ZN5aiter42fp8gemm_bf16_blockscale_BpreShuffle_32x128E,204.21,1649.52,0.0001
gfx950,256,64,7168,5120,ck,5,0,18.4522,a8w8_blockscale_bpreshuffle_1x128x128_256x16x64x128_8x16_16x16_16x16x1_8x32x1_1x16x1x16_4_1x1_intrawave_v1,254.58,2056.41,0.0
gfx950,256,64,7168,5120,cktile,5,0,48.846,a8w8_blockscale_cktile_32x128x128_1x4x1_16x16x128_intrawave_0x1x0_2,96.17,776.84,0.0
gfx950,256,64,7168,5120,asm,5,6,21.2104,_ZN5aiter42fp8gemm_bf16_blockscale_BpreShuffle_32x128E,221.48,1789.0,0.0002
gfx950,256,64,7168,5120,ck,6,0,16.2579,a8w8_blockscale_bpreshuffle_1x128x128_256x16x128x256_16x16_16x16_16x16x1_16x16x1_1x16x1x16_8_1x2_intrawave_v1,288.94,2333.96,0.0
gfx950,256,64,7168,5120,cktile,6,0,36.0317,a8w8_blockscale_cktile_32x128x128_1x4x1_16x16x64_intrawave_0x1x0_1,130.37,1053.11,0.0
gfx950,256,64,7168,5120,asm,6,7,22.781,_ZN5aiter42fp8gemm_bf16_blockscale_BpreShuffle_32x128E,206.21,1665.66,0.0005
gfx950,256,64,7168,5120,ck,7,0,16.8289,a8w8_blockscale_bpreshuffle_1x128x128_256x16x64x256_16x16_16x16_16x16x1_16x16x1_1x16x1x16_4_1x1_intrawave_v1,279.14,2254.77,0.0
gfx950,256,64,7168,5120,cktile,7,0,36.289,a8w8_blockscale_cktile_32x128x128_1x4x1_16x16x64_intrawave_0x1x0_2,129.45,1045.64,0.0
gfx950,256,64,7168,5120,asm,7,8,22.5035,_ZN5aiter42fp8gemm_bf16_blockscale_BpreShuffle_32x128E,208.75,1686.2,0.0008
gfx950,256,64,7168,5120,ck,8,0,32.2639,a8w8_blockscale_bpreshuffle_1x128x128_256x32x256x128_16x16_16x16_8x32x1_8x32x1_1x32x1x8_8_2x1_intrawave_v1,145.6,1176.09,0.0
gfx950,256,64,7168,5120,cktile,8,0,78.6959,a8w8_blockscale_cktile_128x128x128_1x4x1_16x16x128_intrawave_0x1x0_1,59.69,482.18,0.0
gfx950,256,64,7168,5120,asm,8,1,21.4114,_ZN5aiter42fp8gemm_bf16_blockscale_BpreShuffle_48x128E,219.4,1772.2,0.0
gfx950,256,64,7168,5120,ck,9,0,26.8141,a8w8_blockscale_bpreshuffle_1x128x128_256x32x128x128_16x16_16x16_8x32x1_8x32x1_1x32x1x8_8_2x1_intrawave_v1,175.19,1415.13,0.0
gfx950,256,64,7168,5120,cktile,9,0,78.8361,a8w8_blockscale_cktile_128x128x128_1x4x1_16x16x128_intrawave_0x1x0_1,59.59,481.32,0.0
gfx950,256,64,7168,5120,asm,9,2,18.5477,_ZN5aiter42fp8gemm_bf16_blockscale_BpreShuffle_48x128E,253.27,2045.82,0.0
gfx950,256,64,7168,5120,ck,10,0,19.5727,a8w8_blockscale_bpreshuffle_1x128x128_256x32x64x128_16x16_16x16_8x32x1_8x32x1_1x32x1x8_8_2x1_intrawave_v1,240.01,1938.69,0.0
gfx950,256,64,7168,5120,cktile,10,0,86.8737,a8w8_blockscale_cktile_128x128x128_2x2x1_16x16x128_intrawave_0x1x0_2,54.07,436.79,0.0
gfx950,256,64,7168,5120,asm,10,3,20.8726,_ZN5aiter42fp8gemm_bf16_blockscale_BpreShuffle_48x128E,225.06,1817.95,0.0
gfx950,256,64,7168,5120,ck,11,0,19.4953,a8w8_blockscale_bpreshuffle_1x128x128_256x32x128x256_16x16_16x16_16x16x1_16x16x1_1x32x1x8_8_2x1_intrawave_v1,240.96,1946.38,0.0
gfx950,256,64,7168,5120,cktile,11,0,49.8593,a8w8_blockscale_cktile_192x256x128_4x2x1_16x16x128_intrawave_0x1x0_1,94.22,761.05,0.0
gfx950,256,64,7168,5120,asm,11,4,20.2093,_ZN5aiter42fp8gemm_bf16_blockscale_BpreShuffle_48x128E,232.45,1877.62,0.0
gfx950,256,64,7168,5120,ck,12,0,14.5939,a8w8_blockscale_bpreshuffle_1x128x128_256x32x64x256_16x16_16x16_16x16x1_16x16x1_1x32x1x8_8_2x1_intrawave_v1,321.89,2600.08,0.0
gfx950,256,64,7168,5120,cktile,12,0,49.7096,a8w8_blockscale_cktile_192x256x128_4x2x1_16x16x128_intrawave_0x1x0_1_aqrm,94.5,763.34,0.9415
gfx950,256,64,7168,5120,asm,12,5,23.8639,_ZN5aiter42fp8gemm_bf16_blockscale_BpreShuffle_48x128E,196.85,1590.07,0.0001
gfx950,256,64,7168,5120,ck,13,0,43.5017,a8w8_blockscale_bpreshuffle_1x128x128_256x64x256x128_16x16_16x16_8x32x1_8x32x1_1x32x1x8_8_2x1_intrawave_v1,107.99,872.27,0.0
gfx950,256,64,7168,5120,cktile,13,0,23.086,a8w8_blockscale_cktile_16x128x256_1x4x1_16x16x128_intrawave_0x1x0_3,203.48,1643.65,0.0
gfx950,256,64,7168,5120,asm,13,6,22.29,_ZN5aiter42fp8gemm_bf16_blockscale_BpreShuffle_48x128E,210.75,1702.35,0.0002
gfx950,256,64,7168,5120,ck,14,0,30.4737,a8w8_blockscale_bpreshuffle_1x128x128_256x64x128x128_16x16_16x16_8x32x1_8x32x1_1x32x1x8_8_2x1_intrawave_v1,154.15,1245.18,0.0
gfx950,256,64,7168,5120,cktile,14,0,33.194,a8w8_blockscale_cktile_16x128x256_1x4x1_16x16x128_intrawave_0x1x0_4,141.52,1143.14,0.0
gfx950,256,64,7168,5120,asm,14,7,24.0231,_ZN5aiter42fp8gemm_bf16_blockscale_BpreShuffle_48x128E,195.55,1579.54,0.0004
gfx950,256,64,7168,5120,ck,15,0,22.8853,a8w8_blockscale_bpreshuffle_1x128x128_256x64x64x128_16x16_16x16_8x32x1_8x32x1_1x32x1x8_8_2x1_intrawave_v1,205.27,1658.07,0.0
gfx950,256,64,7168,5120,cktile,15,0,25.043,a8w8_blockscale_cktile_16x128x256_1x4x1_16x16x64_intrawave_0x1x0_3,187.58,1515.21,0.0
gfx950,256,64,7168,5120,asm,15,8,24.7676,_ZN5aiter42fp8gemm_bf16_blockscale_BpreShuffle_48x128E,189.67,1532.06,0.0008
gfx950,256,64,7168,5120,ck,16,0,27.3593,a8w8_blockscale_bpreshuffle_1x128x128_256x64x128x256_16x16_16x16_16x16x1_16x16x1_1x32x1x8_8_2x1_intrawave_v1,171.7,1386.93,0.0
gfx950,256,64,7168,5120,cktile,16,0,24.9284,a8w8_blockscale_cktile_16x128x256_1x4x1_16x16x64_intrawave_0x1x0_4,188.44,1522.17,0.0
gfx950,256,64,7168,5120,asm,16,1,22.9755,_ZN5aiter42fp8gemm_bf16_blockscale_BpreShuffle_64x128E,204.46,1651.56,0.0
gfx950,256,64,7168,5120,ck,17,0,18.4308,a8w8_blockscale_bpreshuffle_1x128x128_256x64x64x256_16x16_16x16_16x16x1_16x16x1_1x32x1x8_8_2x1_intrawave_v1,254.88,2058.8,0.0
gfx950,256,64,7168,5120,cktile,17,0,48.6403,a8w8_blockscale_cktile_32x128x128_1x4x1_16x16x128_intrawave_0x1x0_3,96.58,780.12,0.0
gfx950,256,64,7168,5120,asm,17,2,19.5791,_ZN5aiter42fp8gemm_bf16_blockscale_BpreShuffle_64x128E,239.93,1938.05,0.0
gfx950,256,64,7168,5120,cktile,18,0,48.6883,a8w8_blockscale_cktile_32x128x128_1x4x1_16x16x128_intrawave_0x1x0_4,96.48,779.35,0.0
gfx950,256,64,7168,5120,asm,18,3,17.416,_ZN5aiter42fp8gemm_bf16_blockscale_BpreShuffle_64x128E,269.73,2178.76,0.0
gfx950,256,64,7168,5120,cktile,19,0,36.244,a8w8_blockscale_cktile_32x128x128_1x4x1_16x16x64_intrawave_0x1x0_3,129.61,1046.94,0.0
gfx950,256,64,7168,5120,asm,19,4,16.5211,_ZN5aiter42fp8gemm_bf16_blockscale_BpreShuffle_64x128E,284.34,2296.78,0.0001
gfx950,256,64,7168,5120,cktile,20,0,36.2256,a8w8_blockscale_cktile_32x128x128_1x4x1_16x16x64_intrawave_0x1x0_4,129.68,1047.47,0.0
gfx950,256,64,7168,5120,asm,20,5,22.0287,_ZN5aiter42fp8gemm_bf16_blockscale_BpreShuffle_64x128E,213.25,1722.54,0.0001
gfx950,256,64,7168,5120,cktile,21,0,73.3596,a8w8_blockscale_cktile_128x128x128_1x4x1_16x16x128_intrawave_0x1x0_2,64.04,517.25,0.0
gfx950,256,64,7168,5120,asm,21,6,20.9074,_ZN5aiter42fp8gemm_bf16_blockscale_BpreShuffle_64x128E,224.69,1814.92,0.0002
gfx950,256,64,7168,5120,cktile,22,0,260.7344,a8w8_blockscale_cktile_128x128x128_1x4x1_16x16x128_intrawave_0x1x0_3,18.02,145.53,0.0
gfx950,256,64,7168,5120,asm,22,7,20.4623,_ZN5aiter42fp8gemm_bf16_blockscale_BpreShuffle_64x128E,229.57,1854.4,0.0004
gfx950,256,64,7168,5120,cktile,23,0,360.9659,a8w8_blockscale_cktile_128x128x128_1x4x1_16x16x128_intrawave_0x1x0_4,13.01,105.12,0.0
gfx950,256,64,7168,5120,asm,23,8,20.1046,_ZN5aiter42fp8gemm_bf16_blockscale_BpreShuffle_64x128E,233.66,1887.4,0.0007
gfx950,256,64,7168,5120,cktile,24,0,87.8958,a8w8_blockscale_cktile_128x128x128_2x2x1_16x16x128_intrawave_0x1x0_1,53.45,431.71,0.0
gfx950,256,64,7168,5120,asm,24,1,23.7086,_ZN5aiter42fp8gemm_bf16_blockscale_BpreShuffle_80x128E,198.14,1600.49,0.0
gfx950,256,64,7168,5120,cktile,25,0,248.7021,a8w8_blockscale_cktile_128x128x128_2x2x1_16x16x128_intrawave_0x1x0_3,18.89,152.57,0.0
gfx950,256,64,7168,5120,asm,25,2,19.9097,_ZN5aiter42fp8gemm_bf16_blockscale_BpreShuffle_80x128E,235.95,1905.87,0.0
gfx950,256,64,7168,5120,cktile,26,0,390.682,a8w8_blockscale_cktile_128x128x128_2x2x1_16x16x128_intrawave_0x1x0_4,12.02,97.13,0.0
gfx950,256,64,7168,5120,asm,26,3,17.5429,_ZN5aiter42fp8gemm_bf16_blockscale_BpreShuffle_80x128E,267.78,2163.0,0.0
gfx950,256,64,7168,5120,cktile,27,0,49.8587,a8w8_blockscale_cktile_192x256x128_4x2x1_16x16x128_intrawave_0x1x0_2,94.22,761.06,0.0
gfx950,256,64,7168,5120,asm,27,4,16.8257,_ZN5aiter42fp8gemm_bf16_blockscale_BpreShuffle_80x128E,279.19,2255.2,0.0001
gfx950,256,64,7168,5120,cktile,28,0,49.8178,a8w8_blockscale_cktile_192x256x128_4x2x1_16x16x128_intrawave_0x1x0_3,94.3,761.68,0.0
gfx950,256,64,7168,5120,asm,28,5,22.0229,_ZN5aiter42fp8gemm_bf16_blockscale_BpreShuffle_80x128E,213.31,1722.99,0.0001
gfx950,256,64,7168,5120,cktile,29,0,49.7918,a8w8_blockscale_cktile_192x256x128_4x2x1_16x16x128_intrawave_0x1x0_4,94.35,762.08,0.0
gfx950,256,64,7168,5120,asm,29,6,21.208,_ZN5aiter42fp8gemm_bf16_blockscale_BpreShuffle_80x128E,221.5,1789.2,0.0002
gfx950,256,64,7168,5120,cktile,30,0,49.603,a8w8_blockscale_cktile_192x256x128_4x2x1_16x16x128_intrawave_0x1x0_2_aqrm,94.7,764.98,0.9415
gfx950,256,64,7168,5120,asm,30,7,20.6868,_ZN5aiter42fp8gemm_bf16_blockscale_BpreShuffle_80x128E,227.08,1834.28,0.0004
gfx950,256,64,7168,5120,cktile,31,0,49.576,a8w8_blockscale_cktile_192x256x128_4x2x1_16x16x128_intrawave_0x1x0_3_aqrm,94.76,765.4,0.9415
gfx950,256,64,7168,5120,asm,31,8,20.4574,_ZN5aiter42fp8gemm_bf16_blockscale_BpreShuffle_80x128E,229.63,1854.85,0.0008
gfx950,256,64,7168,5120,cktile,32,0,49.6617,a8w8_blockscale_cktile_192x256x128_4x2x1_16x16x128_intrawave_0x1x0_4_aqrm,94.59,764.08,0.9415
gfx950,256,64,7168,5120,asm,32,1,25.897,_ZN5aiter42fp8gemm_bf16_blockscale_BpreShuffle_96x128E,181.4,1465.24,0.0
gfx950,256,64,7168,5120,asm,33,2,20.4956,_ZN5aiter42fp8gemm_bf16_blockscale_BpreShuffle_96x128E,229.2,1851.39,0.0
gfx950,256,64,7168,5120,asm,34,3,18.1564,_ZN5aiter42fp8gemm_bf16_blockscale_BpreShuffle_96x128E,258.73,2089.92,0.0
gfx950,256,64,7168,5120,asm,35,4,17.4137,_ZN5aiter42fp8gemm_bf16_blockscale_BpreShuffle_96x128E,269.77,2179.05,0.0
gfx950,256,64,7168,5120,asm,36,5,22.7855,_ZN5aiter42fp8gemm_bf16_blockscale_BpreShuffle_96x128E,206.17,1665.33,0.0001
gfx950,256,64,7168,5120,asm,37,6,21.8651,_ZN5aiter42fp8gemm_bf16_blockscale_BpreShuffle_96x128E,214.85,1735.43,0.0002
gfx950,256,64,7168,5120,asm,38,7,21.3853,_ZN5aiter42fp8gemm_bf16_blockscale_BpreShuffle_96x128E,219.67,1774.37,0.0004
gfx950,256,64,7168,5120,asm,39,8,20.7977,_ZN5aiter42fp8gemm_bf16_blockscale_BpreShuffle_96x128E,225.87,1824.5,0.0008
gfx950,256,64,7168,5120,asm,40,1,29.5615,_ZN5aiter43fp8gemm_bf16_blockscale_BpreShuffle_128x128E,158.91,1283.61,0.0
gfx950,256,64,7168,5120,asm,41,2,22.6279,_ZN5aiter43fp8gemm_bf16_blockscale_BpreShuffle_128x128E,207.6,1676.93,0.0
gfx950,256,64,7168,5120,asm,42,3,19.6309,_ZN5aiter43fp8gemm_bf16_blockscale_BpreShuffle_128x128E,239.3,1932.94,0.0
gfx950,256,64,7168,5120,asm,43,4,18.4114,_ZN5aiter43fp8gemm_bf16_blockscale_BpreShuffle_128x128E,255.15,2060.97,0.0001
gfx950,256,64,7168,5120,asm,44,5,24.9733,_ZN5aiter43fp8gemm_bf16_blockscale_BpreShuffle_128x128E,188.11,1519.44,0.0001
gfx950,256,64,7168,5120,asm,45,6,23.4547,_ZN5aiter43fp8gemm_bf16_blockscale_BpreShuffle_128x128E,200.28,1617.81,0.0002
gfx950,256,64,7168,5120,asm,46,7,22.8562,_ZN5aiter43fp8gemm_bf16_blockscale_BpreShuffle_128x128E,205.53,1660.18,0.0004
gfx950,256,64,7168,5120,asm,47,8,22.3134,_ZN5aiter43fp8gemm_bf16_blockscale_BpreShuffle_128x128E,210.53,1700.56,0.0008
gfx950,256,64,34816,5120,ck,0,0,65.2757,a8w8_blockscale_bpreshuffle_1x128x128_256x128x128x128_16x16_16x16_8x32x1_8x32x1_1x32x1x8_8_2x1_intrawave_v3,349.55,2804.14,0.0
gfx950,256,64,34816,5120,cktile,0,0,105.2838,a8w8_blockscale_cktile_16x128x256_1x4x1_16x16x128_intrawave_0x1x0_1,216.72,1738.56,0.0
gfx950,256,64,34816,5120,asm,0,1,73.001,_ZN5aiter42fp8gemm_bf16_blockscale_BpreShuffle_32x128E,312.56,2507.39,0.0
gfx950,256,64,34816,5120,ck,1,0,53.6592,a8w8_blockscale_bpreshuffle_1x128x128_256x64x128x128_16x16_16x16_8x32x1_8x32x1_1x32x1x8_8_2x1_intrawave_v3,425.22,3411.2,0.0
gfx950,256,64,34816,5120,cktile,1,0,106.0861,a8w8_blockscale_cktile_16x128x256_1x4x1_16x16x128_intrawave_0x1x0_2,215.08,1725.41,0.0
gfx950,256,64,34816,5120,asm,1,2,72.4502,_ZN5aiter42fp8gemm_bf16_blockscale_BpreShuffle_32x128E,314.93,2526.45,0.0
gfx950,256,64,34816,5120,ck,2,0,50.8287,a8w8_blockscale_bpreshuffle_1x128x128_256x64x64x128_16x16_16x16_8x32x1_8x32x1_1x32x1x8_8_2x1_intrawave_v3,448.9,3601.16,0.0
gfx950,256,64,34816,5120,cktile,2,0,106.9818,a8w8_blockscale_cktile_16x128x256_1x4x1_16x16x64_intrawave_0x1x0_1,213.28,1710.96,0.0
gfx950,256,64,34816,5120,asm,2,3,71.2093,_ZN5aiter42fp8gemm_bf16_blockscale_BpreShuffle_32x128E,320.42,2570.48,0.0
gfx950,256,64,34816,5120,ck,3,0,70.721,a8w8_blockscale_bpreshuffle_1x128x128_256x16x256x128_8x16_16x16_16x16x1_8x32x1_1x16x1x16_8_1x2_intrawave_v1,322.63,2588.23,0.0
gfx950,256,64,34816,5120,cktile,3,0,102.5843,a8w8_blockscale_cktile_16x128x256_1x4x1_16x16x64_intrawave_0x1x0_2,222.42,1784.31,0.0
gfx950,256,64,34816,5120,asm,3,4,73.5767,_ZN5aiter42fp8gemm_bf16_blockscale_BpreShuffle_32x128E,310.11,2487.77,0.0001
gfx950,256,64,34816,5120,ck,4,0,67.1245,a8w8_blockscale_bpreshuffle_1x128x128_256x16x128x128_8x16_16x16_16x16x1_8x32x1_1x16x1x16_8_1x2_intrawave_v1,339.92,2726.9,0.0
gfx950,256,64,34816,5120,cktile,4,0,66.6293,a8w8_blockscale_cktile_32x128x128_1x4x1_16x16x128_intrawave_0x1x0_1,342.45,2747.17,0.0
gfx950,256,64,34816,5120,asm,4,5,75.3217,_ZN5aiter42fp8gemm_bf16_blockscale_BpreShuffle_32x128E,302.93,2430.14,0.0001
gfx950,256,64,34816,5120,ck,5,0,66.6133,a8w8_blockscale_bpreshuffle_1x128x128_256x16x64x128_8x16_16x16_16x16x1_8x32x1_1x16x1x16_4_1x1_intrawave_v1,342.53,2747.83,0.0
gfx950,256,64,34816,5120,cktile,5,0,66.8136,a8w8_blockscale_cktile_32x128x128_1x4x1_16x16x128_intrawave_0x1x0_2,341.5,2739.59,0.0
gfx950,256,64,34816,5120,asm,5,6,78.0864,_ZN5aiter42fp8gemm_bf16_blockscale_BpreShuffle_32x128E,292.2,2344.1,0.0002
gfx950,256,64,34816,5120,ck,6,0,58.4833,a8w8_blockscale_bpreshuffle_1x128x128_256x16x128x256_16x16_16x16_16x16x1_16x16x1_1x16x1x16_8_1x2_intrawave_v1,390.15,3129.82,0.0
gfx950,256,64,34816,5120,cktile,6,0,61.2496,a8w8_blockscale_cktile_32x128x128_1x4x1_16x16x64_intrawave_0x1x0_1,372.53,2988.46,0.0
gfx950,256,64,34816,5120,asm,6,7,80.2168,_ZN5aiter42fp8gemm_bf16_blockscale_BpreShuffle_32x128E,284.44,2281.84,0.0004
gfx950,256,64,34816,5120,ck,7,0,63.0236,a8w8_blockscale_bpreshuffle_1x128x128_256x16x64x256_16x16_16x16_16x16x1_16x16x1_1x16x1x16_4_1x1_intrawave_v1,362.04,2904.34,0.0
gfx950,256,64,34816,5120,cktile,7,0,60.6291,a8w8_blockscale_cktile_32x128x128_1x4x1_16x16x64_intrawave_0x1x0_2,376.34,3019.05,0.0
gfx950,256,64,34816,5120,asm,7,8,84.1007,_ZN5aiter42fp8gemm_bf16_blockscale_BpreShuffle_32x128E,271.31,2176.46,0.0009
gfx950,256,64,34816,5120,ck,8,0,60.7204,a8w8_blockscale_bpreshuffle_1x128x128_256x32x256x128_16x16_16x16_8x32x1_8x32x1_1x32x1x8_8_2x1_intrawave_v1,375.77,3014.51,0.0
gfx950,256,64,34816,5120,cktile,8,0,152.2788,a8w8_blockscale_cktile_128x128x128_1x4x1_16x16x128_intrawave_0x1x0_1,149.84,1202.02,0.0
gfx950,256,64,34816,5120,asm,8,1,72.8442,_ZN5aiter42fp8gemm_bf16_blockscale_BpreShuffle_48x128E,313.23,2512.79,0.0
gfx950,256,64,34816,5120,ck,9,0,53.3353,a8w8_blockscale_bpreshuffle_1x128x128_256x32x128x128_16x16_16x16_8x32x1_8x32x1_1x32x1x8_8_2x1_intrawave_v1,427.8,3431.91,0.0
gfx950,256,64,34816,5120,cktile,9,0,151.8562,a8w8_blockscale_cktile_128x128x128_1x4x1_16x16x128_intrawave_0x1x0_1,150.25,1205.36,0.0
gfx950,256,64,34816,5120,asm,9,2,73.4852,_ZN5aiter42fp8gemm_bf16_blockscale_BpreShuffle_48x128E,310.5,2490.87,0.0
gfx950,256,64,34816,5120,ck,10,0,53.2129,a8w8_blockscale_bpreshuffle_1x128x128_256x32x64x128_16x16_16x16_8x32x1_8x32x1_1x32x1x8_8_2x1_intrawave_v1,428.79,3439.81,0.0
gfx950,256,64,34816,5120,cktile,10,0,107.4912,a8w8_blockscale_cktile_128x128x128_2x2x1_16x16x128_intrawave_0x1x0_2,212.27,1702.86,0.0
gfx950,256,64,34816,5120,asm,10,3,73.1132,_ZN5aiter42fp8gemm_bf16_blockscale_BpreShuffle_48x128E,312.08,2503.54,0.0
gfx950,256,64,34816,5120,ck,11,0,49.909,a8w8_blockscale_bpreshuffle_1x128x128_256x32x128x256_16x16_16x16_16x16x1_16x16x1_1x32x1x8_8_2x1_intrawave_v1,457.17,3667.52,0.0
gfx950,256,64,34816,5120,cktile,11,0,56.7092,a8w8_blockscale_cktile_192x256x128_4x2x1_16x16x128_intrawave_0x1x0_1,402.35,3227.73,0.0
gfx950,256,64,34816,5120,asm,11,4,75.5256,_ZN5aiter42fp8gemm_bf16_blockscale_BpreShuffle_48x128E,302.11,2423.58,0.0
gfx950,256,64,34816,5120,ck,12,0,50.9695,a8w8_blockscale_bpreshuffle_1x128x128_256x32x64x256_16x16_16x16_16x16x1_16x16x1_1x32x1x8_8_2x1_intrawave_v1,447.66,3591.21,0.0
gfx950,256,64,34816,5120,cktile,12,0,56.9284,a8w8_blockscale_cktile_192x256x128_4x2x1_16x16x128_intrawave_0x1x0_1_aqrm,400.8,3215.3,0.9353
gfx950,256,64,34816,5120,asm,12,5,78.1887,_ZN5aiter42fp8gemm_bf16_blockscale_BpreShuffle_48x128E,291.82,2341.03,0.0001
gfx950,256,64,34816,5120,ck,13,0,51.0039,a8w8_blockscale_bpreshuffle_1x128x128_256x64x256x128_16x16_16x16_8x32x1_8x32x1_1x32x1x8_8_2x1_intrawave_v1,447.36,3588.79,0.0
gfx950,256,64,34816,5120,cktile,13,0,106.1885,a8w8_blockscale_cktile_16x128x256_1x4x1_16x16x128_intrawave_0x1x0_3,214.87,1723.75,0.0
gfx950,256,64,34816,5120,asm,13,6,81.1899,_ZN5aiter42fp8gemm_bf16_blockscale_BpreShuffle_48x128E,281.03,2254.49,0.0002
gfx950,256,64,34816,5120,ck,14,0,51.4311,a8w8_blockscale_bpreshuffle_1x128x128_256x64x128x128_16x16_16x16_8x32x1_8x32x1_1x32x1x8_8_2x1_intrawave_v1,443.64,3558.98,0.0
gfx950,256,64,34816,5120,cktile,14,0,120.4835,a8w8_blockscale_cktile_16x128x256_1x4x1_16x16x128_intrawave_0x1x0_4,189.38,1519.23,0.0
gfx950,256,64,34816,5120,asm,14,7,83.8881,_ZN5aiter42fp8gemm_bf16_blockscale_BpreShuffle_48x128E,271.99,2181.98,0.0004
gfx950,256,64,34816,5120,ck,15,0,50.0486,a8w8_blockscale_bpreshuffle_1x128x128_256x64x64x128_16x16_16x16_8x32x1_8x32x1_1x32x1x8_8_2x1_intrawave_v1,455.9,3657.29,0.0
gfx950,256,64,34816,5120,cktile,15,0,102.5982,a8w8_blockscale_cktile_16x128x256_1x4x1_16x16x64_intrawave_0x1x0_3,222.39,1784.07,0.0
gfx950,256,64,34816,5120,asm,15,8,87.6381,_ZN5aiter42fp8gemm_bf16_blockscale_BpreShuffle_48x128E,260.35,2088.61,0.0009
gfx950,256,64,34816,5120,ck,16,0,52.7663,a8w8_blockscale_bpreshuffle_1x128x128_256x64x128x256_16x16_16x16_16x16x1_16x16x1_1x32x1x8_8_2x1_intrawave_v1,432.42,3468.92,0.0
gfx950,256,64,34816,5120,cktile,16,0,103.242,a8w8_blockscale_cktile_16x128x256_1x4x1_16x16x64_intrawave_0x1x0_4,221.01,1772.94,0.0
gfx950,256,64,34816,5120,asm,16,1,54.3424,_ZN5aiter42fp8gemm_bf16_blockscale_BpreShuffle_64x128E,419.87,3368.31,0.0
gfx950,256,64,34816,5120,ck,17,0,47.7862,a8w8_blockscale_bpreshuffle_1x128x128_256x64x64x256_16x16_16x16_16x16x1_16x16x1_1x32x1x8_8_2x1_intrawave_v1,477.48,3830.44,0.0
gfx950,256,64,34816,5120,cktile,17,0,66.5442,a8w8_blockscale_cktile_32x128x128_1x4x1_16x16x128_intrawave_0x1x0_3,342.89,2750.68,0.0
gfx950,256,64,34816,5120,asm,17,2,52.5713,_ZN5aiter42fp8gemm_bf16_blockscale_BpreShuffle_64x128E,434.02,3481.79,0.0
gfx950,256,64,34816,5120,cktile,18,0,66.5696,a8w8_blockscale_cktile_32x128x128_1x4x1_16x16x128_intrawave_0x1x0_4,342.75,2749.63,0.0
gfx950,256,64,34816,5120,asm,18,3,50.1598,_ZN5aiter42fp8gemm_bf16_blockscale_BpreShuffle_64x128E,454.89,3649.18,0.0
gfx950,256,64,34816,5120,cktile,19,0,60.3982,a8w8_blockscale_cktile_32x128x128_1x4x1_16x16x64_intrawave_0x1x0_3,377.78,3030.59,0.0
gfx950,256,64,34816,5120,asm,19,4,53.156,_ZN5aiter42fp8gemm_bf16_blockscale_BpreShuffle_64x128E,429.25,3443.49,0.0
gfx950,256,64,34816,5120,cktile,20,0,60.3288,a8w8_blockscale_cktile_32x128x128_1x4x1_16x16x64_intrawave_0x1x0_4,378.21,3034.07,0.0
gfx950,256,64,34816,5120,asm,20,5,54.9116,_ZN5aiter42fp8gemm_bf16_blockscale_BpreShuffle_64x128E,415.52,3333.39,0.0001
gfx950,256,64,34816,5120,cktile,21,0,103.0717,a8w8_blockscale_cktile_128x128x128_1x4x1_16x16x128_intrawave_0x1x0_2,221.37,1775.87,0.0
gfx950,256,64,34816,5120,asm,21,6,56.3768,_ZN5aiter42fp8gemm_bf16_blockscale_BpreShuffle_64x128E,404.72,3246.76,0.0002
gfx950,256,64,34816,5120,cktile,22,0,492.4778,a8w8_blockscale_cktile_128x128x128_1x4x1_16x16x128_intrawave_0x1x0_3,46.33,371.68,0.0
gfx950,256,64,34816,5120,asm,22,7,58.0598,_ZN5aiter42fp8gemm_bf16_blockscale_BpreShuffle_64x128E,392.99,3152.65,0.0004
gfx950,256,64,34816,5120,cktile,23,0,755.1192,a8w8_blockscale_cktile_128x128x128_1x4x1_16x16x128_intrawave_0x1x0_4,30.22,242.4,0.0
gfx950,256,64,34816,5120,asm,23,8,61.6041,_ZN5aiter42fp8gemm_bf16_blockscale_BpreShuffle_64x128E,370.38,2971.26,0.0009
gfx950,256,64,34816,5120,cktile,24,0,107.914,a8w8_blockscale_cktile_128x128x128_2x2x1_16x16x128_intrawave_0x1x0_1,211.44,1696.18,0.0
gfx950,256,64,34816,5120,asm,24,1,55.0616,_ZN5aiter42fp8gemm_bf16_blockscale_BpreShuffle_80x128E,414.39,3324.31,0.0
gfx950,256,64,34816,5120,cktile,25,0,457.2063,a8w8_blockscale_cktile_128x128x128_2x2x1_16x16x128_intrawave_0x1x0_3,49.91,400.35,0.0
gfx950,256,64,34816,5120,asm,25,2,53.1475,_ZN5aiter42fp8gemm_bf16_blockscale_BpreShuffle_80x128E,429.31,3444.04,0.0
gfx950,256,64,34816,5120,cktile,26,0,798.4757,a8w8_blockscale_cktile_128x128x128_2x2x1_16x16x128_intrawave_0x1x0_4,28.58,229.24,0.0
gfx950,256,64,34816,5120,asm,26,3,51.0389,_ZN5aiter42fp8gemm_bf16_blockscale_BpreShuffle_80x128E,447.05,3586.32,0.0
gfx950,256,64,34816,5120,cktile,27,0,56.816,a8w8_blockscale_cktile_192x256x128_4x2x1_16x16x128_intrawave_0x1x0_2,401.59,3221.66,0.0
gfx950,256,64,34816,5120,asm,27,4,54.1724,_ZN5aiter42fp8gemm_bf16_blockscale_BpreShuffle_80x128E,421.19,3378.88,0.0001
gfx950,256,64,34816,5120,cktile,28,0,56.686,a8w8_blockscale_cktile_192x256x128_4x2x1_16x16x128_intrawave_0x1x0_3,402.52,3229.05,0.0
gfx950,256,64,34816,5120,asm,28,5,56.0159,_ZN5aiter42fp8gemm_bf16_blockscale_BpreShuffle_80x128E,407.33,3267.68,0.0001
gfx950,256,64,34816,5120,cktile,29,0,56.7564,a8w8_blockscale_cktile_192x256x128_4x2x1_16x16x128_intrawave_0x1x0_4,402.02,3225.05,0.0
gfx950,256,64,34816,5120,asm,29,6,57.6501,_ZN5aiter42fp8gemm_bf16_blockscale_BpreShuffle_80x128E,395.78,3175.05,0.0002
gfx950,256,64,34816,5120,cktile,30,0,56.9116,a8w8_blockscale_cktile_192x256x128_4x2x1_16x16x128_intrawave_0x1x0_2_aqrm,400.92,3216.25,0.9353
gfx950,256,64,34816,5120,asm,30,7,59.4268,_ZN5aiter42fp8gemm_bf16_blockscale_BpreShuffle_80x128E,383.95,3080.13,0.0004
gfx950,256,64,34816,5120,cktile,31,0,56.912,a8w8_blockscale_cktile_192x256x128_4x2x1_16x16x128_intrawave_0x1x0_3_aqrm,400.92,3216.23,0.9353
gfx950,256,64,34816,5120,asm,31,8,63.2563,_ZN5aiter42fp8gemm_bf16_blockscale_BpreShuffle_80x128E,360.71,2893.66,0.0009
gfx950,256,64,34816,5120,cktile,32,0,56.7964,a8w8_blockscale_cktile_192x256x128_4x2x1_16x16x128_intrawave_0x1x0_4_aqrm,401.73,3222.78,0.9353
gfx950,256,64,34816,5120,asm,32,1,56.7664,_ZN5aiter42fp8gemm_bf16_blockscale_BpreShuffle_96x128E,401.95,3224.48,0.0
gfx950,256,64,34816,5120,asm,33,2,54.6692,_ZN5aiter42fp8gemm_bf16_blockscale_BpreShuffle_96x128E,417.37,3348.17,0.0
gfx950,256,64,34816,5120,asm,34,3,52.2091,_ZN5aiter42fp8gemm_bf16_blockscale_BpreShuffle_96x128E,437.03,3505.94,0.0
gfx950,256,64,34816,5120,asm,35,4,55.5439,_ZN5aiter42fp8gemm_bf16_blockscale_BpreShuffle_96x128E,410.79,3295.45,0.0001
gfx950,256,64,34816,5120,asm,36,5,57.6353,_ZN5aiter42fp8gemm_bf16_blockscale_BpreShuffle_96x128E,395.89,3175.87,0.0001
gfx950,256,64,34816,5120,asm,37,6,59.49,_ZN5aiter42fp8gemm_bf16_blockscale_BpreShuffle_96x128E,383.54,3076.85,0.0002
gfx950,256,64,34816,5120,asm,38,7,61.8105,_ZN5aiter42fp8gemm_bf16_blockscale_BpreShuffle_96x128E,369.14,2961.34,0.0004
gfx950,256,64,34816,5120,asm,39,8,65.3603,_ZN5aiter42fp8gemm_bf16_blockscale_BpreShuffle_96x128E,349.1,2800.51,0.001
gfx950,256,64,34816,5120,asm,40,1,62.6953,_ZN5aiter43fp8gemm_bf16_blockscale_BpreShuffle_128x128E,363.93,2919.55,0.0
gfx950,256,64,34816,5120,asm,41,2,59.184,_ZN5aiter43fp8gemm_bf16_blockscale_BpreShuffle_128x128E,385.53,3092.76,0.0
gfx950,256,64,34816,5120,asm,42,3,56.7978,_ZN5aiter43fp8gemm_bf16_blockscale_BpreShuffle_128x128E,401.72,3222.7,0.0
gfx950,256,64,34816,5120,asm,43,4,60.9986,_ZN5aiter43fp8gemm_bf16_blockscale_BpreShuffle_128x128E,374.06,3000.76,0.0
gfx950,256,64,34816,5120,asm,44,5,63.5122,_ZN5aiter43fp8gemm_bf16_blockscale_BpreShuffle_128x128E,359.25,2882.0,0.0001
gfx950,256,64,34816,5120,asm,45,6,65.1702,_ZN5aiter43fp8gemm_bf16_blockscale_BpreShuffle_128x128E,350.11,2808.68,0.0002
gfx950,256,64,34816,5120,asm,46,7,67.8722,_ZN5aiter43fp8gemm_bf16_blockscale_BpreShuffle_128x128E,336.18,2696.86,0.0004
gfx950,256,64,34816,5120,asm,47,8,72.1131,_ZN5aiter43fp8gemm_bf16_blockscale_BpreShuffle_128x128E,316.41,2538.26,0.0009
